{"item_type":"1","item_name":"\u524d\u7aef\u8bbe\u8ba1\u56fe","item_description":"","password":"","pages":{"pages":[{"page_title":"\u9875\u9762\u62c6\u89e3","cat_id":"0","page_content":"\u76ee\u524d\u4e3b\u9875\u9762\u5982\u4e0b\n\n\u9875\u9762\u6709\u4e00\u4e2a\u5f15\u5bfc\u5934\n- \u9996\u9875\n- \u6e38\u620f\u672c\u5c55\u793a\n- DOCS\n- \u6559\u7a0b\n\n- \u4e0d\u9700\u8981 userToken \u9875\u9762\n\t- \u4e3b\u9875\n\t\t- \u989c\u503c\u9ad8\uff0c\u7b80\u5355\uff0c\u5927\u6c14\n\t- \u8fdb\u5165\n\t\t- \u53ea\u9700\u8981\u4e00\u4e2a\u63d0\u793a\u6846\uff0c\u52a0\u4e00\u4e2a\u6309\u94ae\u5373\u53ef\n\t- \u6e38\u620f\u672c\u5c55\u793a\n\t- \u6e38\u620f\u672c\u7b80\u4ecb + play\n\t\t- \u6e38\u620f\u672c\u7b80\u4ecb\n\t\t\t- \u5c01\u9762\n\t\t\t- \u6807\u9898\n\t\t\t- \u7b80\u4ecb\n\t\t\t- \u559c\u6b22\u6570\n\t\t\t- \u6536\u85cf\u6570\n\t\t\t- \u7c7b\u522b\n\t\t\t- NFT \u521d\u59cb mint \u6570\n\t\t\t- \u94fe\u4e0a NFT \u6570\n\t\t\t- \u5df2 mint NFT \u6570\n\t\t- \u6e38\u620f\u672c play\n- \u9700\u8981 userToken\n\t- \u7528\u6237\u4fe1\u606f\n\t- \u7528\u6237\u7684\u6e38\u620f\u672c\u5c55\u793a\n\t\t- \u5df2\u53d1\u5e03\/\u8349\u7a3f\u7bb1\n\t- \u5267\u672c\u521b\u5efa\n\t\t- \u6807\u9898\n\t\t- \u5c01\u9762\n\t\t- \u7b80\u4ecb\n\t- \u5267\u672c\u7f16\u8f91 + \u5267\u672c\u53d1\u5e03\n\n\u7b80\u5355\u7684\u4ecb\u7ecd\u4e00\u4e0b\u6d41\u7a0b\n\n- \u7528\u6237\u89c2\u770b\u7f51\u7ad9\u4e3b\u9875\uff0c\u9009\u62e9\u662f\u5426\u8fdb\u884c\u94b1\u5305\u8fde\u63a5\n- \u7528\u6237\u8f93\u5165\u5bc6\u7801\uff0c\u8fdb\u5165\u7f51\u7ad9\n","s_number":"99","page_comments":""},{"page_title":"\u6e38\u620f\u672c\u5c55\u793a","cat_id":"0","page_content":"\u8be5\u9875\u9762\u6e38\u5ba2\u548c\u94b1\u5305\u5ba2\u6237\u90fd\u53ef\u4ee5\u5c55\u793a\uff0c\u4e3a\u300c\u4e00\u7ea7\u9875\u9762\u300d\n\n\u9700\u8981\u7684\u7ec6\u8282\n\n- \u9009\u4e2d\u90e8\u5206\u9ad8\u4eae\n\t- \u5982\u679c\u300c\u63a8\u7406\u300d\u5206\u7c7b\u88ab\u9009\u4e2d\uff0c\u8be5\u5206\u7c7b\u5e94\u8be5\u9ad8\u4eae\n- \u6bcf\u9875\u6700\u591a\u5c55\u793a 30 \u672c\uff0c\u6700\u5c11\u5c55\u793a 0 \u672c\n\n\u529f\u80fd\n\n- \u6309\u7167\u300c\u6e38\u620f\u672c\u540d\u79f0\u300d\u641c\u7d22\n- \u6e38\u620f\u672c\u6309\u7167\u5206\u7c7b\u5c55\u793a\n- \u70b9\u51fb\u67d0\u4e00\u4e2a\u6e38\u620f\u672c\u4f1a\u8df3\u8f6c\u5230\u6e38\u620f\u672c play \u9875\u9762\n\t- [\u67e5\u8be2\u67d0\u4e00\u672c\u8be6\u60c5 | xxx.com\/book\/get](\/web\/#\/11\/69)\n\n\u5c55\u793a\n\n- \u6e38\u620f\u672c\u5c01\u9762\n- \u6e38\u620f\u672c\u6807\u9898\n- \u6536\u85cf\u91cf\n- \u559c\u7231\u91cf\n\n\u8c03\u7528 API\n\n- [\u6309\u5206\u7c7b\u67e5\u8be2 | xxx.com\/book\/collect](\/web\/#\/11\/69)\n- [\u6a21\u7cca\u67e5\u8be2 | xxx.com\/book\/collect](\/web\/#\/11\/69)\n\n![](http:\/\/47.122.21.202:4999\/server\/index.php?s=\/api\/attachment\/visitFile&sign=8a29c06dcd6e8756bc079d5efd4b74c3)\n\n","s_number":"99","page_comments":""},{"page_title":"\u7528\u6237\u4fe1\u606f","cat_id":"0","page_content":"![](http:\/\/47.122.21.202:4999\/server\/index.php?s=\/api\/attachment\/visitFile&sign=d09c16a325d0cdfa1a2e2858e21f9c51)\n","s_number":"99","page_comments":""},{"page_title":"\u6e38\u620f\u672c\u5c55\u793a","cat_id":"0","page_content":"- \u5df2\u53d1\u5e03\n\t- \u540d\u79f0\n\t- \u4e66\u7c4d token\n\t- \u72b6\u6001\n\t\t- \u574f\u5267\u672c\n\t\t- \u514d\u8d39\n\t\t- \u4ed8\u8d39\n\t- \u5220\u9664\n\t\t- \u53ea\u6709\u514d\u8d39\u624d\u80fd\u5220\u9664\n- \u8349\u7a3f\u7bb1\n\t- \u540d\u79f0\n\t- \u4e66\u7c4d token\n\t- \u7ae0\u8282\u6570\u91cf\n\t- \u7f16\u8f91\n\n![](http:\/\/47.122.21.202:4999\/server\/index.php?s=\/api\/attachment\/visitFile&sign=08c1104647ff1392f0b93882968e628d)\n\n![](http:\/\/47.122.21.202:4999\/server\/index.php?s=\/api\/attachment\/visitFile&sign=85fdd7b6b24f31a11ca6ee434a5bb199)\n\n![](http:\/\/47.122.21.202:4999\/server\/index.php?s=\/api\/attachment\/visitFile&sign=3acf7ee1ba4933ab32ffb6d51b82b4ce)","s_number":"99","page_comments":""},{"page_title":"\u6e38\u620f\u672c\u521b\u5efa","cat_id":"0","page_content":"- \u56fe\u7247\u4e0a\u4f20\n\t- IPFS\n- \u540d\u79f0\n- \u7b80\u4ecb\n\n![](http:\/\/47.122.21.202:4999\/server\/index.php?s=\/api\/attachment\/visitFile&sign=1dc2c2a22546d63e5b7a3dce98415003)","s_number":"99","page_comments":""},{"page_title":"\u6e38\u620f\u672c\u7f16\u8f91\/\u53d1\u5e03","cat_id":"0","page_content":"\u7f16\u8f91\u548c\u53d1\u5e03\u653e\u5728\u4e00\u8d77\u3002\n\n\u5de6\u8fb9\u662f\u7ae0\u8282\uff0c\u901a\u8fc7\u70b9\u51fb + \u53f7\u6765\u751f\u6210\u65b0\u7684\u7ae0\u8282\u3002\n\n\u7ae0\u8282\u662f\u6bcf 5 \u79d2\u81ea\u52a8\u4fdd\u5b58\u4e00\u6b21\uff0c\u4e5f\u53ef\u4ee5\u624b\u52a8\u4fdd\u5b58\uff0c\u901a\u8fc7\u70b9\u51fb\u300c\u4fdd\u5b58\u300d\u6309\u94ae\u3002\n\n\u2795 \u53f7\u4e0b\u9762\u662f\u53d1\u5e03\u9875\u9762\u3002\u53d1\u5e03\u4e3b\u8981\u662f\u548c NFT \u76f8\u5173\u7684\uff0c\u9700\u8981\u7684\u4fe1\u606f\u6709\n\n- NFT \u540d\u79f0\n- mint \u6570\u91cf\n- mint \u4ef7\u683c\n- NFT \u56fe\u7247\n\n![](http:\/\/47.122.21.202:4999\/server\/index.php?s=\/api\/attachment\/visitFile&sign=6f711c1baaafefe3368a264f8d5fbc21)\n\n![](http:\/\/47.122.21.202:4999\/server\/index.php?s=\/api\/attachment\/visitFile&sign=94c07049615565662f1c0da38e1b4abb)","s_number":"99","page_comments":""},{"page_title":"\u6e38\u620f\u672c play\/\u7b80\u4ecb\/NFT mint","cat_id":"0","page_content":"\u8be5\u9875\u9762\u6e38\u5ba2\u548c\u94b1\u5305\u5ba2\u6237\u90fd\u53ef\u4ee5\u5c55\u793a\uff0c\u4e3a\u300c\u4e8c\u7ea7\u9875\u9762\u300d\uff0c\u4f46\u662f\u5206\u4e3a 3 \u4e2a\u60c5\u51b5\u3002\n\n- \u514d\u8d39\u672c\n\t- \u6e38\u5ba2\u548c\u94b1\u5305\u7528\u6237\u90fd\u53ef\u4ee5\u4e00\u76f4\u73a9\u4e0b\u53bb\n- \u4ed8\u8d39\u672c\n\t- \u514d\u8d39\u7ae0\u8282\uff0c\u6e38\u5ba2\u548c\u94b1\u5305\u7528\u6237\u90fd\u53ef\u4ee5\u73a9\n\t- \u4ed8\u8d39\u7ae0\u8282\uff0c\u53ea\u6709\u94b1\u5305\u7528\u6237\u53ef\u4ee5\u73a9\n\n\u5de6\u8fb9\u4ece\u4e0a\u5230\u4e0b\u5206\u522b\u662f\n\n- \u7b80\u4ecb\n- \u7ae0\u8282\n- mint\n- \u7ae0\u8282\n\n\u5176\u4e2d\u514d\u8d39\u672c\u6700\u5c11 6 \u4e2a\u7ae0\u8282\uff0c\u6536\u8d39\u672c\u6700\u5c11 12 \u4e2a\u7ae0\u8282\uff0c\u5e76\u4e14\uff0c\u524d 6 \u7ae0\u514d\u8d39\u3002\u6240\u4ee5\uff0c\u5728\u7b2c 6 \u548c\u7b2c 7 \u7ae0\u7684\u4e2d\u95f4\u53c8\u4e00\u4e2a mint \u9875\u9762\u3002\n\n## \u7b80\u4ecb\n\n\u5c55\u793a\n\n- \u6e38\u620f\u672c\u56fe\u7247\n- \u6e38\u620f\u672c\u4e66\u540d\n- \u5206\u7c7b\n- \u4f5c\u8005\n- \u559c\u6b22\n- \u6536\u85cf\n- \u6e38\u620f\u672c\u7b80\u4ecb\n- \u8bc4\u8bba\n\t- \u4e00\u4e2a\u9875\u9762\u6700\u591a\u5c55\u793a 20 \u6761\uff0c\u6700\u5c11\u5c55\u793a 0 \u6761\n\n\u4f7f\u7528 API\n\n- [\u67e5\u8be2\u67d0\u4e00\u672c\u8be6\u60c5|xxx.com\/book\/get](\/web\/#\/page\/edit\/11\/69)\n\t- \u8be5 API \u901a\u8fc7\u4f20\u9012 page \u53c2\u6570\uff0c\u6765\u83b7\u53d6\u4e0d\u540c\u9875\u9762\u7684\u8bc4\u8bba\n\n![](http:\/\/47.122.21.202:4999\/server\/index.php?s=\/api\/attachment\/visitFile&sign=c49259fa19ce2b1fdfcfb855b8f8528e)\n\n## mint\n\n\u5c55\u793a\n\n- \u6e38\u620f\u672c NFT \u56fe\u7247\n- \u6e38\u620f\u672c NFT \u5408\u7ea6\u5730\u5740\n- NFT \u521d\u59cb\u6570\u91cf\n- NFT \u521d\u59cb mint \u4ef7\u683c\n- \u94fe\u4e0a\u6570\u91cf\n\t- \u6709\u7684\u4eba\u628a NFT \u5347\u5230\u9876\u7ea7\uff0c\u7136\u540e\u591a\u5370\u5237\u4e86 NFT\uff0c\u4f1a\u5bfc\u81f4\u94fe\u4e0a\u6570\u91cf\u5927\u4e8e\u521d\u59cb\u6570\u91cf\n- 100\/500\n\t- \u524d\u9762 100 \u6307\u7684\u662f\u521d\u59cb\u6570\u91cf\u5df2\u7ecf mint \u5b8c\u7684\u6570\u91cf\n\t- \u540e\u9762 500 \u6307\u7684\u662f\u521d\u59cb\u6570\u91cf\n- NFT \u5e02\u573a\u8d2d\u4e70\n\n\u4f7f\u7528 API\n\n- [\u67e5\u8be2\u67d0\u4e00\u672c\u8be6\u60c5|xxx.com\/book\/get](\/web\/#\/page\/edit\/11\/69)\n\n![](http:\/\/47.122.21.202:4999\/server\/index.php?s=\/api\/attachment\/visitFile&sign=d6b0fc34f4775c9e02a955f5d4f60857)\n\n## \u7ae0\u8282\n\n\u6e38\u620f\u672c play \u5206\u4e3a 3 \u5757\uff0c\u5de6\u4e2d\u53f3\u3002\n\n- \u5de6\u8fb9\n\t- \u6e38\u620f\u672c\u7ae0\u8282\n- \u4e2d\u95f4\n\t- \u6e38\u620f\u672c\u5bf9\u8bdd\n- \u53f3\u8fb9\n\t- \u5f39\u5e55\n\n\u8be5\u6e38\u620f\u672c\u5c55\u793a\u7684\u662f\u7279\u6b8a\u7ae0\u8282\uff0c\u5373\u6700\u540e\u4e00\u4e2a\u7ae0\u8282\u3002\u6700\u540e\u4e00\u4e2a\u7ae0\u8282\u548c\u5176\u5b83\u7ae0\u8282\u76f8\u6bd4\uff0c\u5c31\u662f\u5b83\u6709\u4e00\u4e2a\u9886\u53d6\u5956\u52b1\u7684\u6309\u94ae\u3002\n\n\u9886\u53d6\u5956\u52b1\u7684\u529f\u80fd\uff0c\u5bf9\u4e8e\u514d\u8d39\u672c\u548c\u4ed8\u8d39\u672c\u90fd\u6709\u3002\n\n\u9886\u53d6\u5956\u52b1\uff0c\u5728\u524d\u7aef\u5e76\u4e0d\u505a\u4efb\u4f55\u9650\u5236\uff0c\u4f46\u662f\u8981\u5728\u540e\u7aef\u505a\u9650\u5236\n\n- \u4e00\u4e2a IP \u4e00\u5929\u6700\u591a\u73a9 3 \u4e2a\u6e38\u620f\u672c\n- \u4e00\u4e2a\u5730\u5740\u4e00\u5929\u6700\u591a\u73a9 3 \u4e2a\u6e38\u620f\u672c\n\n![](http:\/\/47.122.21.202:4999\/server\/index.php?s=\/api\/attachment\/visitFile&sign=0d04902e525026bf06806163e246b8d8)","s_number":"99","page_comments":""}],"catalogs":[{"cat_id":"41","cat_name":"\u8ba4\u8bc1","parent_cat_id":"0","level":"2","s_number":"99","pages":[],"catalogs":[]},{"cat_id":"42","cat_name":"\u975e\u8ba4\u8bc1","parent_cat_id":"0","level":"2","s_number":"99","pages":[],"catalogs":[]}]}}