{"item_type":"1","item_name":"MarkDownGame API","item_description":"","password":"","pages":{"pages":[{"page_title":"\u603b\u89c8","cat_id":"0","page_content":"- \u524d\u7aef\u76d1\u6d4b\u5230\u6d4f\u89c8\u5668\u4e0d\u662f chrome \u7684\u65f6\u5019\uff0c\u5e94\u5f39\u51fa\u4fe1\u606f\u6846\uff0c\u5efa\u8bae\u66f4\u6362\u6d4f\u89c8\u5668\n\n- \u5e73\u53f0\u91c7\u7528\u5b8c\u5168\u7684\u524d\u540e\u7aef\u5206\u79bb\uff0c\u4f7f\u7528 nginx \u627f\u8f7d\u524d\u7aef\u9875\u9762\n\n- \u6240\u6709\u7684\u8ba1\u7b97\u90fd\u5c3d\u53ef\u80fd\u7684\u653e\u5728\u6d4f\u89c8\u5668\u7aef\uff0c\u51cf\u5c11\u670d\u52a1\u5668\u8d44\u6e90\n\n- \u524d\u7aef\u627f\u8f7d\u591a\u8bed\u8a00\u53c2\u6570\u914d\u7f6e\uff0cresponse \u7684 msg \u4fe1\u606f\u540e\u7aef\u9700\u8981\u6839\u636e\u524d\u7aef\u7684\u8bed\u8a00\u914d\u7f6e\u8fdb\u884c\u76f8\u5e94\u7684\u8fd4\u56de\n\n- \u514d\u8d39\u672c\u6700\u5c11\u6709 6 \u4e2a\u7ae0\u8282\uff0c\u4ed8\u8d39\u672c\u6700\u5c11\u6709 12 \u4e2a\u7ae0\u8282\uff0c\u5e76\u4e14\uff0c\u524d 6 \u4e2a\u7ae0\u8282\u514d\u8d39\n\n- headers \u4e2d\u7684\u53c2\u6570\n\t- \u5e73\u53f0\u652f\u6301\u591a\u8bed\u8a00\u754c\u9762\uff0c\u6240\u4ee5\uff0c\u524d\u7aef\u8981\u5728\u8981\u5728 headers \u52a0\u4e0a language\uff0c\u591a\u8bed\u8a00\u914d\u7f6e\u6587\u4ef6\u653e\u5728\u524d\u7aef\u5904\u7406\uff1b\n\t- \u4e3a\u9632\u6b62\u6709\u4eba\u66b4\u529b API \u8bf7\u6c42\uff0c\u641c\u7d22\u4ed6\u4eba\u4fe1\u606f\uff0c\u524d\u7aef\u548c\u540e\u7aef\u5e94\u7814\u5236\u4e00\u5957\u52a0\u5bc6\u65b9\u6848\uff0c\u5c06\u8be5\u53c2\u6570\u653e\u5728headers \u4e2d\u7684 auth \u53c2\u6570\u4e2d\u3002\u5176\u4e2d\uff0c\u524d\u7aef\u4ee3\u7801\u7684\u52a0\u5bc6\u7b97\u6cd5\u8981\u8fdb\u884c\u4f2a\u88c5\u548c\u6df7\u6dc6\uff1b\n\t- \u7528\u6237\u672c\u5730\u5982\u679c\u6709 token \u7684\u8bdd\uff0c\u4e5f\u9700\u8981\u5c06\u7528\u6237 token \u653e\u5728 headers \u4e2d\uff1b\n\t\n- \u524d\u7aef headers\n\n\t- ```\n\t{\n\t\t\"language\":\"\";\/\/\u5e73\u53f0\u6240\u4f7f\u7528\u8bed\u8a00\n\t\t\"token\":\"\", \/\/ \u7528\u6237\u552f\u4e00\u8bc6\u522b token\uff0c\u7528\u4e8e\u9a8c\u8bc1\u8bf7\u6c42\n\t\t\"auth\":\"\",\/\/\u8bf7\u6c42\u5408\u6cd5\u53c2\u6570\uff0c\u7528\u4e8e\u6240\u6709\u7684\u8bf7\u6c42\n\t}\n\t```\n\t\n- \u524d\u540e\u7aef\u4f20\u9012\u683c\u5f0f\u4e3a json\uff0c\u5177\u4f53\u6a21\u7248\u5982\u4e0b\n\t- ```\n\tresponse: {\n\t\tcode: int,\n\t\tstatus:String,\n\t\tmsg:String,\n\t\tdata:{\n\t\t\n\t\t}\n\t}\n\t```\n\n","s_number":"1","page_comments":""},{"page_title":"\u5bf9\u8c61\u5c5e\u6027","cat_id":"0","page_content":"\u65e0\u6cd5\u901a\u8fc7\u540e\u7aef\u8fdb\u884c\u5b58\u50a8\u7684\u6570\u636e\n\n- \u94fe\u4e0a paperNFT \u6570\u91cf\n- \u94fe\u4e0a \u5e73\u53f0 NFT \u6570\u91cf\n- \u94fe\u4e0a \u6e38\u620f\u672c NFT \u6570\u91cf\n\n## \u7528\u6237 User\n\n```\nString UserAddress;\/\/ \u94b1\u5305\u5730\u5740\nString UserToken;\/\/\u7528\u6237\u552f\u4e00\u8bc6\u522b token \u957f\u5ea6\u4e3a 128 \u4f4d\nString passWord;\/\/\u7528\u6237\u5bc6\u7801 \u957f\u5ea6\u5c0f\u4e8e 16\n```\n\n## \u70b9\u8d5e Like\n\n```\nString UserToken; \/\/ \u7528\u6237\u552f\u4e00\u8bc6\u522b token\nString bookToken; \/\/ \u4e66\u7c4d\u552f\u4e00\u8bc6\u522b token\n```\n\n## \u6536\u85cf Collect\n\n```\nString userToken; \/\/ \u7528\u6237\u552f\u4e00\u8bc6\u522b token\nString bookToken; \/\/ \u4e66\u7c4d\u552f\u4e00\u8bc6\u522b token\n```\n\n## \u6e38\u620f\u672c\u5f39\u5e55 Danmu\n\n```\nString userToken; \/\/ \u5bf9\u5e94 User \u7684 token\nString bookToken;  \/\/ \u6e38\u620f\u672c\u7684 token\nString sectionToken; \/\/ \u6e38\u620f\u672c\u7ae0\u8282\u552f\u4e00\u8bc6\u522b token\nString comment; \/\/ \u5f39\u5e55\u5185\u5bb9 \u6700\u592780\u5b57\u7b26\n```\n\n## \u6e38\u620f\u672c\u8bc4\u8bba\n\n```\nString userToken; \/\/ \u5bf9\u5e94 User \u7684 token\nString bookToken;  \/\/ \u6e38\u620f\u672c\u7684 token\nString comment; \/\/ \u8bc4\u8bba\u5185\u5bb9 \u6700\u5927200\u5b57\u7b26\n```\n\n## \u6e38\u620f\u672c GameBook\n\n```\nString bookTitle;\/\/\u6e38\u620f\u672c\u6807\u9898\nString bookSummary;\/\/\u6e38\u620f\u672c\u7684\u7b80\u4ecb\nString userToken; \/\/ \u5bf9\u5e94 User \u7684 token\nString bookToken; \/\/ \u6e38\u620f\u672c\u552f\u4e00\u6807\u8bc6\nint bookType; \/\/ \u4e66\u7c4d\u7c7b\u522b\nString bookUrl; \/\/ \u4e66\u7c4d\u5c01\u9762 URL\nint engineCode; \/\/ \u5f15\u64ce\u7f16\u53f7\nint bookStatus; \/\/ \u6e38\u620f\u672c\u72b6\u6001 \u8349\u7a3f\u7bb1\/\u5df2\u53d1\u5e03\/\u70c2\u5267\u672c\nString statusMsg; \/\/ \u5267\u672c\u7684\u4fe1\u606f\uff0c\u7ba1\u7406\u6dfb\u52a0\n```\n\n## \u6e38\u620f\u672c\u7ae0\u8282 \u300c\u6bcf\u4e00\u4e2a\u6e38\u620f\u672c\u91cc\u9762\u6709\u591a\u4e2a\u7ae0\u8282\u300d\n\n```\nString bookToken;  \/\/ \u6e38\u620f\u672c\u7684 token\nString sectionToken; \/\/ \u8be5\u7ae0\u8282\u7684 token\nint order; \/\/ \u7b2c\u51e0\u7ae0\u8282\nString sectionContent; \/\/ \u7ae0\u8282\u5185\u5bb9\n```\n\n## \u7eb8\u5f20 NFT \u884c\u4e3a \u3010ERC1155\u3011\n\n```\nString userToken; \/\/ \u5bf9\u5e94 User \u7684 token\nint offline_number;\/\/ \u94fe\u4e0b\u7eb8\u5f20\u6570\u91cf\nint actionCode; \/\/ \u884c\u4e3a\nint status;\/\/\u8be5\u884c\u4e3a\u4e0b\u7684\u7eb8\u5f20\u662f\u5426\u88ab\u4e0a\u94fe 0 \u6ca1\u6709\u4e0a\u94fe 1 \u65e0\u6548\u884c\u4e3a\uff0c\u8be5\u7eb8\u5f20\u4f5c\u5e9f 5 \u4e0a\u94fe\u6210\u529f\n```\n\n## \u7eb8\u5f20 NFT \u8868\n\n```\nString userToken; \/\/ \u5bf9\u5e94 User \u7684 token\nint chain_number;\/\/ \u94fe\u4e0a\u7eb8\u5f20\u6570\u91cf\n```\n\n## \u5355\u4e00\u6e38\u620f\u672c NFT \u3010ERC721\u3011\n\n```\nString createToken; \/\/ \u5bf9\u5e94 User \u7684 token\uff0c\u53ea\u662f\u521b\u5efa\u8005\u7684 token\nString bookToken; \/\/\u6e38\u620f\u672c token\nint originRent; \/\/ NFT \u521d\u59cb\u968f\u673a\u7b49\u7ea7\nint nowRent; \/\/ \u73b0\u5728 NFT \u7684\u7b49\u7ea7\nString NFTToken; \/\/ NFT \u5408\u7ea6\u5730\u5740\nint tokenId; \/\/ NFT Id\nString NFTName; \/\/ NFT \u540d\u79f0\nString NFTUrl;\/\/ NFT \u56fe\u7247\u5b58\u50a8 URL\ndouble NFTPrice; \/\/ NFT mint \u4ef7\u683c\nint NFTOriginNumber; \/\/ NFT \u521d\u59cb\u6570\u91cf\nint NFTMintNumber; \/\/ NFT mint \u6570\u91cf\u300cmint \u521d\u59cb\u6570\u91cf\u300d\nint NFTNewNumber; \/\/ NFT \u65b0\u751f\u6210\u7684\u6570\u91cf\nint NFTChainAllNumber; \/\/ NFT \u94fe\u4e0a\u603b\u91cf\nint chainCode; \/\/ \u4e3b\u94fe\u4ee3\u7801\n```\nNFTChainAllNumber = NFTOriginNumber + NFTNewNumber\n\n## \u6e38\u620f\u672c NFT \u6240\u5c5e\u300c\u9700\u8981\u4e00\u4e2a\u72ec\u7acb\u7684\u76d1\u63a7\u7a0b\u5e8f\u66f4\u65b0\u8fd9\u5f20\u8868\u300d\n\n```\nString userToken; \/\/ \u7528\u6237\u552f\u4e00 token\nString NFTToken; \/\/ NFT token\nint tokenId; \/\/ NFT id\n```\n\n## \u6e38\u620f\u672c NFT \u51fa\u79df\u4fe1\u606f\n\n```\nString NFTToken; \/\/NFT \u5408\u7ea6\u5730\u5740\nint tokenId; NFT Id\nString rentAddress; \/\/ \u79df\u8d41\u5730\u5740\nint duteTime; \/\/ \u5230\u671f\u65f6\u95f4 \u65f6\u95f4\u6233\u5f62\u5f0f\n```\n\n## \u6e38\u620f\u672c NFT \u51fa\u552e\n\n```\nString userToken; \/\/ \u7528\u6237\u552f\u4e00 token\nString NFTToken; \/\/NFT \u5408\u7ea6\u5730\u5740\nint tokenId; NFT Id\ndouble price; \/\/ \u51fa\u552e\u4ef7\u683c\nint bookType; \/\/ \u6e38\u620f\u672c\u7c7b\u578b\n```\n\n## \u5e73\u53f0 NFT \u3010ERC1155\u3011\n\n```\nString userToken; \/\/ \u7528\u6237\u552f\u4e00 token\nint numbr; \/\/ NFT \u6570\u91cf\n```","s_number":"3","page_comments":""},{"page_title":"\u679a\u4e3e\u8bf4\u660e","cat_id":"0","page_content":"# <center>\u8bed\u8a00\u4ee3\u7801<\/center>\n\n|\u5206\u7c7b|\u4ee3\u7801|\n|---|---|\n|\u4e2d\u6587|zh|\n|\u82f1\u6587|en|\n\n# <center>\u5f15\u64ce\u7f16\u53f7<\/center>\n\n|\u5206\u7c7b|\u4ee3\u7801|\n|---|---|\n|\u5f15\u64ce 1|101|\n\n# <center>\u4e3b\u94fe\u7f16\u53f7<\/center>\n\n|\u5206\u7c7b|\u4ee3\u7801|\n|---|---|\n|ETH \u4e3b\u94fe|101|\n|ETH \u6d4b\u8bd5\u94fe\u300c\u300d|102|\n|ARB \u4e3b\u94fe|105|\n|ARB \u6d4b\u8bd5\u94fe|106|\n\n# <center>\u6e38\u620f\u672c\u5206\u7c7b<\/center>\n\n|\u5206\u7c7b|\u4ee3\u7801|\n|---|---|\n|\u7384\u5e7b|101|\n|\u5947\u5e7b|102|\n|\u6b66\u4fa0|103|\n|\u60ca\u609a|104|\n|\u63a8\u7406|105|\n|\u90fd\u5e02|106|\n|\u5386\u53f2|107|\n|\u73b0\u5b9e|108|\n|\u6e38\u620f|109|\n|\u5192\u9669|110|\n|\u79d1\u5e7b|111|\n|\u60ac\u7591|112|\n|\u795e\u8bdd|113|\n|\u540c\u4eba|114|\n|\u7231\u60c5|115|\n|\u79d1\u666e|116|\n\n# <center>NFT \u5347\u7ea7\u6240\u9700 paper<\/center>\n\n|\u7ea7\u522b|\u5347\u7ea7\u6240\u9700|\n|---|---|\n|1|3|\n|2||\n|3||\n|4||\n|5||\n|6||\n|7||\n|8||\n|9||\n|10||\n|11||\n|12||\n|13||\n|14||\n|15||\n|16||\n|17||\n|18||\n|19||\n|20||\n|21||\n|22||\n|23||\n|24||\n|25||\n|26||\n|27||\n|28||\n|29||\n|30||\n|31||\n|32||\n|33||\n|34||\n|35||\n|36||\n|37||\n|38||\n|39||\n|40||\n|41||\n|42||\n|43||\n|44||\n|45||\n|46||\n|47||\n|48||\n|49||\n|50||\n\n# <center>response \u683c\u5f0f<\/center>\n\n```\nresponse: {\n\tcode: int,\n\tstatus: String,\n\tmsg: String,\n\tdata:{\n\t\n\t}\n}\n```\n\n# code\n\n## 2**\n\n|code|\u8bf4\u660e|\u5907\u6ce8|\n|---|---|---|\n|2001|\u7528\u6237\u6210\u529f\u8fdb\u5165\u5e73\u53f0|-|\n|2002|\u70b9\u8d5e\u76f8\u5173\u884c\u4e3a\u6210\u529f|\u70b9\u8d5e\u548c\u53d6\u6d88|\n|2003|\u6536\u85cf\u76f8\u5173\u884c\u4e3a\u6210\u529f|\u6536\u85cf\u548c\u53d6\u6d88|\n|2004|\u5f39\u5e55\u76f8\u5173\u884c\u4e3a\u6210\u529f|\u53d1\u9001\u548c\u5220\u9664|\n|2005|\u8bc4\u8bba\u76f8\u5173\u884c\u4e3a\u6210\u529f|\u53d1\u9001\u548c\u5220\u9664|\n\n## 3**\n\n|code|\u8bf4\u660e|\u5907\u6ce8|\n|---|---|---|\n|3001|\u52a0\u5bc6\u4fe1\u606f\u6821\u9a8c\u5931\u8d25|\u53ef\u80fd\u662f\u653b\u51fb\u8bf7\u6c42|\n|3002|\u7528\u6237\u884c\u4e3a\u4e0d\u5339\u914d|-|\n|3003|\u5bc6\u7801\u9519\u8bef|-|\n|3004|\u975e\u771f\u4eba\u7528\u6237|\u7528\u4ee3\u7801\u8fdb\u884c\u767b\u5f55|\n|3005|\u5f39\u5e55\u6dfb\u52a0\u5931\u8d25|-|\n||\u8be5\u7528\u6237\u672a\u6ce8\u518c|-|\n\n## 4**\n\n|code|\u8bf4\u660e|\u5907\u6ce8|\n|---|---|---|\n|4001|\u8be5 IP \u64cd\u4f5c\u592a\u9891\u7e41<br\/>\u5c01\u7981 ? \u5c0f\u65f6|-|\n|4002|\u540c\u4e00 IP 7 \u5929\u5185\u53ea\u80fd\u767b\u5f55\u540c\u4e00\u4e2a\u8d26\u53f7|-|\n|4003|\u540c\u4e00\u8d26\u53f7\u4e00\u5929\u5185\u53ea\u5141\u8bb8 3 \u4e2a IP \u767b\u5f55|-|\n\n## 5**\n\n# status\n\n|\u53c2\u6570|\u8bf4\u660e|\u5907\u6ce8|\n|---|---|---|\n|success|-|-|\n|fail|-|-|\n|error|-|-|\n\n# msg\n\nmsg \u540e\u7aef\u4f1a\u6839\u636e\u8bed\u8a00\u7684\u4e0d\u540c\uff0c\u8fd4\u56de\u8be5\u56fd\u5bb6\u81ea\u5df1\u8bed\u8a00\u7684\u8fd4\u56de\u503c\u3002\n\n","s_number":"4","page_comments":""},{"page_title":"\u7528\u6237\u4ea4\u4e92","cat_id":"0","page_content":"\u94b1\u5305\u7528\u6237\u7684\u4ea4\u4e92\n\n1. \u8fdb\u5165\u7f51\u7ad9\u540e\uff0c\u7f51\u7ad9\u63d0\u793a\u6211\u662f\u5426\u8fde\u63a5\u5c0f\u72d0\u72f8\u94b1\u5305\uff0c\u540c\u610f\u540e\n\n2. \u6211\u7684\u5c0f\u72d0\u72f8\u7f51\u7edc\u662f ETH \u4e3b\u7f51\uff0c\u7f51\u7ad9\u63d0\u793a\u6211\u5207\u6362\u7f51\u7edc\uff0c\u540c\u610f\u540e\n\n3. \u6211\u7ffb\u770b\u4e86\u4e00\u4e0b\u4e3b\u9875\uff0c\u611f\u89c9\u633a\u6709\u610f\u601d\uff0c\u51b3\u5b9a\u6ce8\u518c\u4e00\u4e0b\uff0c\u70b9\u51fb\u53f3\u4e0a\u89d2\u7684\u3010\u767b\u5165\u3011\n\n4. \u5728\u5f39\u51fa\u7684\u5bf9\u8bdd\u6846\u4e2d\uff0c\u6211\u8f93\u5165\u4e86\u5bc6\u7801\uff0c\u63d0\u4ea4\u540e\uff0c\u7f51\u7ad9\u63d0\u793a\u6211\u6210\u529f\u767b\u5165\n\n5. \u6211\u8fdb\u5165\u5230\u6e38\u620f\u672c\u5c55\u793a\u9875\u9762\uff0c\u53d1\u73b0\u6709\u5f88\u591a\u5206\u7c7b\n\n6. \u6211\u9009\u62e9\u4e86\u3010\u63a8\u7406\u3011\n\n7. \u8fd9\u4e48\u591a\u6e38\u620f\u672c\u4e2d\uff0c\u6211\u9009\u62e9\u4e86\u3010\u98ce\u96ea\u5c71\u795e\u5e99\u3011\u8fd9\u4e2a\u5267\u672c\n\n8. \u8fdb\u5165\u3010\u98ce\u96ea\u5c71\u795e\u5e99\u3011\u5267\u672c\u540e\uff0c\u6211\u67e5\u770b\u4e86\u5b83\u7684\u7b80\u4ecb\uff0c\u53d1\u73b0\u975e\u5e38\u6709\u610f\u601d\n\n9. \u6211\u70b9\u51fb\u4e86\u7b2c\u4e00\u7ae0\uff0c\u8fdb\u884c\u6253\u5b57\u4ea4\u4e92\uff0c\u975e\u5e38\u6709\u610f\u601d\uff0c\u6211\u8fd8\u5728\u53f3\u8fb9\u53d1\u4e86\u5f39\u5e55\n\n10. \u7b2c\u4e00\u7ae0\u7ed3\u675f\u540e\uff0c\u9875\u9762\u63d0\u793a\u6211\uff0c\u8fdb\u5165\u7b2c\u4e8c\u7ae0\uff0c\u6211\u70b9\u51fb\u4e86\u7b2c\u4e8c\u7ae0\uff0c\u7ee7\u7eed\u5b8c\n\n11. \u5267\u672c\u975e\u5e38\u5438\u5f15\u4eba\uff0c\u5f88\u5feb\uff0c\u6211\u73a9\u5b8c\u524d 6 \u5f20\uff0c\u8fdb\u5165\u4e86 \u3010mint\u3011\u9875\u9762\n\n12. \u6211\u6ca1\u6709\u7ba1 \u3010mint\u3011\u76f4\u63a5\u8fdb\u5165\u7b2c 7 \u5f20\uff0c\u7f51\u7ad9\u63d0\u793a\u6211\uff0c\u6ca1\u6709\u8be5\u6e38\u620f\u672c\u7684\u6743\u9650\uff0c\u8bf7\u8d2d\u4e70\u6216\u8005\u79df\u8d41\u6b64 NFT\n\n13. \u7531\u4e8e\u6211\u975e\u5e38\u559c\u6b22\u8fd9\u4e2a\u5267\u672c\uff0c\u6211\u8fd4\u56de \u3010mint\u3011\u754c\u9762\uff0cmint \u4e86\u4e00\u4e2a NFT\n\n14. \u6709\u4e86 NFT \u540e\uff0c\u6211\u5f88\u5feb\u628a\u8fd9\u4e2a\u5267\u672c\u73a9\u5b8c\u4e86\n\n15. \u6211\u7559\u4e0b\u4e86\u8bc4\u8bba\uff0c\u5e76\u4e14\u70b9\u51fb\u4e86\u3010\u9886\u53d6\u5956\u52b1\u3011\uff0c\u7f51\u7ad9\u63d0\u793a\u6211\u83b7\u5f97\u4e86 3 \u4e2a \u7eb8\u5f20 NFT\n\n16. \u6211\u611f\u89c9\u5267\u672c\u5f88\u723d\uff0c\u51b3\u5b9a\u518d\u73a9\u4e00\u4e2a\uff0c\u6211\u8fd9\u6b21\u51b3\u5b9a\u4f7f\u7528\u79df\u8d41 NFT \u7684\u65b9\u5f0f\n\n17. \u6211\u8fd4\u56de\u6e38\u620f\u672c\u5c55\u793a\u9875\u9762\uff0c\u53d1\u73b0\u4e86\u4e00\u4e2a\u5267\u672c\u53eb\u505a \u3010\u7ee3\u6e56\u5c71\u5e84\u3011\uff0c\u5f88\u5438\u5f15\u6211\n\n18. \u8fdb\u5165 \u3010\u9508\u6e56\u5c71\u5e84\u3011\u7684\u7b80\u4ecb\uff0c\u6211\u590d\u5236\u4e86 NFT \u5408\u7ea6\u5730\u5740\n\n19. \u8fdb\u5165 \u3010NFT\u5e02\u573a\u3011\u9875\u9762\uff0c\u6211\u5728\u8f93\u5165\u6846\u8f93\u5165\u4e86\u5408\u7ea6\u5730\u5740\n\n20. \u53d1\u73b0 NFT \u5e02\u573a\u786e\u5b9e\u6709\u8be5\u5408\u7ea6\u7684\u51fa\u79df\n\n21. \u6211\u51b3\u5b9a\u79df\u8d41\u4e00\u4e2a NFT\n\n22. \u8d70\u5b8c\u6e38\u620f\u672c\u4e4b\u540e\uff0c\u6211\u51b3\u5b9a\u81ea\u5df1\u5199\u4e00\u4e2a\u6e38\u620f\u672c\n\n23. \u70b9\u51fb\u53f3\u4e0a\u89d2\u7684\u4eba\u5934\u6807\uff0c\u6211\u8fdb\u5165\u4e86\u540e\u53f0\n\n24. \u6211\u627e\u5230\u3010\u521b\u5efa\u6e38\u620f\u672c\u3011\n\n25. \u63d0\u4ea4\u4e86\u56fe\u7247\u540e\uff0c\u7f51\u7ad9\u63d0\u793a\u6211\u5bf9\u56fe\u7247\u505a\u4e00\u4e2a\u5207\u5272\n\n26. \u4e00\u5207\u4fe1\u606f\u90fd\u586b\u597d\u540e\uff0c\u6211\u63d0\u4ea4\u4e86\u4fe1\u606f\uff0c\u7f51\u7ad9\u663e\u793a\u6211\u3010\u521b\u5efa\u6210\u529f\u3011\n\n27. \u6211\u627e\u5230\u8349\u7a3f\u7bb1\uff0c\u70b9\u51fb \u3010\u7f16\u8f91\u3011\n\n28. \u5f00\u59cb\u4e86\u6211\u7684\u7f16\u5199\n\n29. \u7f16\u5199\u5b8c\u6210\uff0c\u6211\u51b3\u5b9a\u8fdb\u884c\u53d1\u5e03\uff0c\u5e76\u4e14\u662f\u4ed8\u8d39\u53d1\u5e03\n\n30. \u7f51\u7ad9\u63d0\u793a\u6211\uff0c\u4ed8\u8d39\u53d1\u5e03\u81f3\u5c11\u8981 12 \u7ae0\n\n31. \u6211\u5199\u5230\u7b2c 12 \u7ae0\u540e\uff0c\u8fdb\u884c\u4e86\u4ed8\u8d39\u53d1\u5e03\n\n32. \u6211\u7a81\u7136\u60f3\u8d77\u6765\uff0c\u6211\u4e4b\u524d\u4e70\u4e86 \u3010\u98ce\u96ea\u5c71\u795e\u5e99\u3011\u7684 NFT\n\n33. \u6211\u51b3\u5b9a\u628a\u8fd9\u4e2a NFT \u8fdb\u884c\u51fa\u552e\n\n34. \u7ecf\u8fc7\u586b\u5199\u540e\uff0c\u6211\u6210\u529f\u4e86\n","s_number":"99","page_comments":""}],"catalogs":[{"cat_id":"34","cat_name":"\u6d41\u7a0b\u56fe\u4e0e\u8bbe\u8ba1","parent_cat_id":"0","level":"2","s_number":"1","pages":[],"catalogs":[{"cat_id":"35","cat_name":"\u7528\u6237","parent_cat_id":"34","level":"3","s_number":"1","pages":[{"page_title":"\u767b\u5165","cat_id":"35","page_content":"## <center>\u767b\u5165<\/center>\n\n\u767b\u5165\u76f8\u5f53\u4e8e\u6ce8\u518c\u548c\u767b\u5f55\u5408\u5e76\u5728\u4e00\u5207\u3002\n\n## \u767b\u5165\n\n\u5982\u679c\u53ea\u662f\u628a\u94b1\u5305\u5f53\u4f5c\u552f\u4e00\u5165\u53e3\uff0c\u94b1\u5305\u5730\u5740\u4f5c\u4e3a\u552f\u4e00\u8bc6\u522b token \u7684\u8bdd\u3002\u4f1a\u51fa\u73b0\u5f88\u4e25\u91cd\u7684\u9ed1\u5ba2\u884c\u4e3a\uff0c\u5982\uff0c\u4f7f\u7528\u522b\u4eba\u94b1\u5305\u5730\u5740\uff0c\u8fdb\u884c API \u8c03\u7528\uff0c\u4ece\u800c\u5bf9\u751f\u4ea7\u8d44\u6599\u9020\u6210\u6bc1\u706d\u6027\u6253\u51fb\u3002\n\n\u6240\u4ee5\uff0c\u91c7\u7528\u65b9\u6848\u4e3a \u94b1\u5305\u5730\u5740 + \u5bc6\u7801 + \u52a0\u76d0\uff0c\u7ecf\u8fc7\u52a0\u5bc6\u751f\u6210\u552f\u4e00 token\u3002\n\n\u6240\u4ee5\uff0c\u65e0\u8bba\u662f\u6ce8\u518c\u8fd8\u662f\u767b\u5f55\u90fd\u53ef\u4ee5\u4f7f\u7528\u4e00\u4e2a\u9875\u9762\uff0c\u8be5\u9875\u9762\u53ea\u9700\u8981\u4e00\u4e2a\u5bf9\u8bdd\u6846\uff0c\u7136\u540e\u6309\u94ae\u300c\u767b\u5165\u300d\u3002\n\n\u5f53\u83b7\u53d6\u5230\u670d\u52a1\u7aef\u7684 token \u540e\uff0c\u7528\u6237\u81ea\u52a8\u8fdb\u5165\u3002\u524d\u7aef\u5b58\u50a8\u5728 cookie \u4e2d\u3002\u4e4b\u540e\uff0c\u6240\u6709\u7684\u9a8c\u8bc1\u8bf7\u6c42\u90fd\u9700\u8981\u5728 headers \u4e2d\u589e\u52a0 token \u5c5e\u6027\uff0c\u5e76\u9644\u5e26\u8be5\u503c\u3002\u4e14\uff0c\u8be5 token \u4f1a\u5728\u7528\u6237\u672c\u5730\u4fdd\u5b58 7 \u5929\uff0c7 \u5929\u540e\u8fc7\u671f\u3002\u5e73\u53f0\u7b2c\u4e00\u7248\u6682\u6ca1\u6709\u9000\u51fa\u767b\u5f55\u9009\u9879\u3002\n\n\u8fdb\u5165\u6d41\u7a0b\u56fe\u5982\u4e0b\n\n![](http:\/\/47.122.21.202:4999\/server\/index.php?s=\/api\/attachment\/visitFile&sign=5b00afc53041a1b8ff068f564d7b6549)\n\n\u5177\u4f53\u6d41\u7a0b\u7ec6\u8282\u5207\u5206\n\n- \u68c0\u6d4b\u8be5 IP \u662f\u5426\u7b26\u5408\u68c0\u6d4b\u300c\u540e\u7aef\u903b\u8f91\u300d\n\t- \u89c4\u5219\u4e0a\uff0c\u4e00\u4e2a IP \u4e00\u5929\u53ea\u80fd\u767b\u5f55\u4e00\u4e2a\u8d26\u53f7\uff0c\u6700\u591a 3 \u4e2a IP \u53ef\u4ee5\u767b\u5f55\u540c\u4e00\u4e2a\u8d26\u53f7\u300c\u9632\u5907\u591a\u4e2a\u8bbe\u5907\u5237\u53f7\u300d\n\t- \u5982\u679c\uff0c\u7528\u6237\u662f\u7b2c\u4e00\u6b21\u8fdb\u5165\uff0c\u5219\u6210\u529f\u8fdb\u5165\uff1b\n\t- \u5982\u679c\uff0c\u5728\u540c\u4e00 IP \u4e0b\uff0c\u7528\u6237\u5728\u7b2c\u4e00\u6b21\u8fdb\u5165\u540e\uff0c\u4f7f\u7528\u5176\u5b83\u6d4f\u89c8\u5668\u518d\u6b21\u8fdb\u5165\u540c\u4e00\u8d26\u53f7\uff0c\u5219\u6210\u529f\u8fdb\u5165\uff1b\n\t- \u5982\u679c\uff0c\u5728\u540c\u4e00 IP \u4e0b\uff0c\u7528\u6237\u7b2c\u4e00\u6b21\u8fdb\u5165\u540e\uff0c\u4f7f\u7528\u5176\u5b83\u6d4f\u89c8\u5668\u8fdb\u5165\u5176\u5b83\u8d26\u53f7\uff0c\u5219\u5931\u8d25\uff1b\n\t- \u5982\u679c\uff0c\u5728\u4e0d\u540c IP \u4e0b\uff0c\u8fdb\u5165\u540c\u4e00\u8d26\u53f7\uff0c\u8d85\u8fc7 3 \u4e2a\u5219\u8fd4\u56de\u5931\u8d25\uff1b\u300c\u9632\u6b62\u6709\u4eba\u5237\u53f7\u300d\n\t- \u540e\u7aef\u4e0a\u53ea\u4fdd\u5b58 IP \u4fe1\u606f >6 \u5c0f\u65f6\u3002\u5373\uff0c\u4f1a\u51fa\u73b0\u3002\u7528\u6237\u8d85\u8fc7 3 \u4e2a IP \u767b\u5f55\u540e\uff0c\u7b2c\u4e8c\u5929\uff0c\u4f7f\u7528\u8be5 IP \u4f9d\u7136\u53ef\u4ee5\u767b\u5f55\u8be5\u8d26\u53f7\uff0c\u5373\uff0c2 \u5929\u5185\u53ef\u4ee5\u6709 6 \u4e2a IP \u767b\u5f55\u540c\u4e00\u8d26\u53f7\u300c\u8fd9\u4e48\u505a\u7684\u539f\u56e0\uff0c\u662f\u9632\u6b62\uff0c\u7528\u6237\u8def\u7531\u5668\u91cd\u542f\u540e\uff0cIP \u53d8\u4e86\uff0c\u7528\u4e86\u4e4b\u524d\u767b\u5f55\u8fc7\u4eba\u7684 IP\u300d\n- \u68c0\u6d4b\u76ee\u6807\u5bf9\u8c61\u300c\u540e\u7aef\u903b\u8f91\uff0c\u53ef\u4ee5\u9884\u7559\u300d\n\t- \u540e\u7aef\u9700\u8981\u68c0\u6d4b\u8bf7\u6c42\u662f\u6765\u81ea\u4e8e\u771f\u4eba\u8fd8\u662f\u4ee3\u7801\n\t- \u5982\u679c\u662f\u975e\u771f\u4eba\uff0c\u5219\u8fdb\u5165\u5931\u8d25\n\n\u76f8\u5173 API \u5982\u4e0b\n\n|\u53c2\u6570|\u8bf4\u660e|\n|---|---|\n|URL|xxx.com\/login|\n|method|POST|\n\n\u53c2\u6570\u8bf4\u660e\n\n|\u53c2\u6570|\u7c7b\u578b|\u6570\u503c|\u8bf4\u660e|\n|---|---|---|---|\n|address|String|?|1. \u5e26\u6709 0x \u5f00\u5934<br\/>2. \u94b1\u5305\u5730\u5740|\n|password|String|?|\u5bc6\u7801\uff0c\u957f\u5ea6\u4e0d\u80fd\u8d85\u8fc7 16|\n|inviteCode|Sting|?|\u9080\u8bf7\u7801\uff0c\u6682\u65f6\u9884\u7559|\n\nresponse \u8fd4\u56de\n\n- \u6210\u529f\u8fd4\u56de\n\n```\nresponse: {\n\tcode: ?,\n\tstatus: success,\n\tmsg: \"?\",\n\tdata: {\n\t\t\"user_token\":\"\",\n\t}\n}\n```\n\n- \u8fd4\u56de\u5931\u8d25\n\n```\nresponse: {\n\tcode: ?,\n\tstatus: fail\/error,\n\tmsg: \"?\",\n\tdata: {}\n}\n```\n\n\u53c2\u6570\u8bf4\u660e\n\n|\u53c2\u6570|\u7c7b\u578b|\u6570\u503c|\u8bf4\u660e|\n|---|---|---|---|\n|user_token|String|?|\u7528\u6237\u552f\u4e00\u8bc6\u522btoken|\n\n\n","s_number":"1","page_comments":""},{"page_title":"\u70b9\u8d5e","cat_id":"35","page_content":"# <center>\u70b9\u8d5e<\/center>\n\n\u70b9\u8d5e\u53ea\u9488\u5bf9\u6e38\u620f\u672c\u6574\u4f53\uff0c\u5176\u6709\u4e24\u79cd\u884c\u4e3a\u3002\u67d0\u4e00\u6e38\u620f\u672c\u5177\u4f53\u70b9\u8d5e\u91cf\uff0c\u67e5\u770b\u6e38\u620f\u672c\u76f8\u5173 API\u3002\n\n- \u70b9\u8d5e\n- \u53d6\u6d88\u70b9\u8d5e\n\n## \u70b9\u8d5e\n\n\u70b9\u8d5e\u6d41\u7a0b\u56fe\u3002\n\n![](http:\/\/47.122.21.202:4999\/server\/index.php?s=\/api\/attachment\/visitFile&sign=a276e771b3b28b8ca97d1eb39448e2d6)\n\n\u540e\u7aef\u9700\u8981\u6ce8\u610f\u7684\u662f\uff0c\u5b58\u50a8\u7528\u6237\u6bcf\u4e00\u4e2a\u8d5e\uff0c\u5e76\u4e14\u5c06 status \u7f6e\u4e3a 1\u3002\n\n\u76f8\u5173 API \u5982\u4e0b\u3002\n\n|\u53c2\u6570|\u8bf4\u660e|\n|---|---|\n|URL|xxx.com\/book\/like|\n|method|POST|\n\n\u76f8\u5173\u53c2\u6570\n\n|\u53c2\u6570|\u7c7b\u578b|\u6570\u503c|\u8bf4\u660e|\n|---|---|---|---|\n|type|int|1001|\u7528\u6237\u884c\u4e3a\uff1a\u70b9\u8d5e|\n|book_token|String|?|\u6e38\u620f\u672c token|\n\nresponse \u8fd4\u56de\n\n- \u6210\u529f\u8fd4\u56de\n\n```\nresponse: {\n\tcode: ?,\n\tstatus: success,\n\tmsg: \"\u70b9\u8d5e\u6210\u529f\",\n\tdata: {\n\t\t\"like\": 100,\n\t}\n}\n```\n\n- \u8fd4\u56de\u5931\u8d25\n\n```\nresponse: {\n\tcode: ?,\n\tstatus: fail\/error,\n\tmsg: \"\u70b9\u8d5e\u5931\u8d25\",\n\tdata: {}\n}\n```\n\n## \u53d6\u6d88\u70b9\u8d5e\n\n\u53d6\u6d88\u70b9\u8d5e\u7684\u6d41\u7a0b\u548c\u70b9\u8d5e\u4e00\u6837\u3002\n\n\u540e\u7aef\u9700\u8981\u6ce8\u610f\u7684\u662f\uff0c\u53d6\u6d88\u7684\u65f6\u5019\uff0c\u5e76\u4e0d\u662f\u628a\u6570\u636e\u5e93\u4e2d\u7684\u6570\u636e\u5220\u9664\uff0c\u800c\u662f\u5c06 status \u7f6e\u4e3a 0\u3002\n\n\u76f8\u5173 API \u5982\u4e0b\u3002\n\n|\u53c2\u6570|\u8bf4\u660e|\n|---|---|\n|URL|xxx.com\/book\/like|\n|method|DELETE|\n\n\u76f8\u5173\u53c2\u6570\n\n|\u53c2\u6570|\u7c7b\u578b|\u6570\u503c|\u8bf4\u660e|\n|---|---|---|---|\n|book_token|String|?|\u6e38\u620f\u672c token|\n\nresponse \u8fd4\u56de\n\n- \u6210\u529f\u8fd4\u56de\n\n```\nresponse: {\n\tcode: ?,\n\tstatus: success,\n\tmsg: \"\u53d6\u6d88\u70b9\u8d5e\u6210\u529f\",\n\tdata: {\n\t\t\"like\": 200,\n\t}\n}\n```\n\n- \u8fd4\u56de\u5931\u8d25\n\n```\nresponse: {\n\tcode: ?,\n\tstatus: fail\/error,\n\tmsg: \"\u53d6\u6d88\u70b9\u8d5e\u5931\u8d25\",\n\tdata: {}\n}\n```\n\n\u53c2\u6570\u8bf4\u660e\n\n|\u53c2\u6570|\u7c7b\u578b|\u6570\u503c|\u8bf4\u660e|\n|---|---|---|---|\n|like|int|?|\u8be5\u6e38\u620f\u672c\u7684\u70b9\u8d5e\u6570|","s_number":"2","page_comments":""},{"page_title":"\u6536\u85cf","cat_id":"35","page_content":"# <center>\u6536\u85cf<\/center>\n\n\u6536\u85cf\u53ea\u9488\u5bf9\u6e38\u620f\u672c\u6574\u4f53\uff0c\u5176\u6709\u4e24\u79cd\u884c\u4e3a\u3002\u67d0\u4e00\u6e38\u620f\u672c\u5177\u4f53\u6536\u85cf\u91cf\uff0c\u67e5\u770b\u6e38\u620f\u672c\u76f8\u5173 API\u3002\n\n- \u6536\u85cf\n- \u53d6\u6d88\u6536\u85cf\n\n## \u6536\u85cf\n\n\u6536\u85cf\u6d41\u7a0b\u56fe\u3002\n\n![](http:\/\/47.122.21.202:4999\/server\/index.php?s=\/api\/attachment\/visitFile&sign=e27bd35a5fa0a64feb055ab009332157)\n\n\u540e\u7aef\u9700\u8981\u6ce8\u610f\u7684\u662f\uff0c\u5b58\u50a8\u7528\u6237\u6bcf\u4e00\u4e2a\u6536\u85cf\uff0c\u5e76\u4e14\u5c06 status \u7f6e\u4e3a 1\u3002\n\n\u76f8\u5173 API \u5982\u4e0b\u3002\n\n|\u53c2\u6570|\u8bf4\u660e|\n|---|---|\n|URL|xxx.com\/book\/collect|\n|method|POST|\n\n\u76f8\u5173\u53c2\u6570\n\n|\u53c2\u6570|\u7c7b\u578b|\u6570\u503c|\u8bf4\u660e|\n|---|---|---|---|\n|book_token|String|?|\u6e38\u620f\u672c token|\n\nresponse \u8fd4\u56de\n\n- \u6210\u529f\u8fd4\u56de\n\n```\nresponse: {\n\tcode: ?,\n\tstatus: success,\n\tmsg: \"\u6536\u85cf\u6210\u529f\",\n\tdata: {\n\t\t\"collect\": 100,\n\t}\n}\n```\n\n- \u8fd4\u56de\u5931\u8d25\n\n```\nresponse: {\n\tcode: ?,\n\tstatus: fail\/error,\n\tmsg: \"\u6536\u85cf\u5931\u8d25\",\n\tdata: {}\n}\n```\n\n## \u53d6\u6d88\u70b9\u8d5e\n\n\u53d6\u6d88\u6536\u85cf\u7684\u6d41\u7a0b\u548c\u70b9\u8d5e\u4e00\u6837\u3002\n\n\u540e\u7aef\u9700\u8981\u6ce8\u610f\u7684\u662f\uff0c\u53d6\u6d88\u7684\u65f6\u5019\uff0c\u5e76\u4e0d\u662f\u628a\u6570\u636e\u5e93\u4e2d\u7684\u6570\u636e\u5220\u9664\uff0c\u800c\u662f\u5c06 status \u7f6e\u4e3a 0\u3002\n\n\u76f8\u5173 API \u5982\u4e0b\u3002\n\n|\u53c2\u6570|\u8bf4\u660e|\n|---|---|\n|URL|xxx.com\/book\/collect|\n|method|DELETE|\n\n\u76f8\u5173\u53c2\u6570\n\n|\u53c2\u6570|\u7c7b\u578b|\u6570\u503c|\u8bf4\u660e|\n|---|---|---|---|\n|book_token|String|?|\u4e66\u7c4d\u552f\u4e00 token|\n\nresponse \u8fd4\u56de\n\n- \u6210\u529f\u8fd4\u56de\n\n```\nresponse: {\n\tcode: ?,\n\tstatus: success,\n\tmsg: \"\u53d6\u6d88\u6536\u85cf\u6210\u529f\",\n\tdata: {\n\t\t\"collect\": 100,\n\t}\n}\n```\n\n- \u8fd4\u56de\u5931\u8d25\n\n```\nresponse: {\n\tcode: ?,\n\tstatus: fail\/error,\n\tmsg: \"\u53d6\u6d88\u6536\u85cf\u5931\u8d25\",\n\tdata: {}\n}\n```\n\n\u53c2\u6570\u8bf4\u660e\n\n|\u53c2\u6570|\u7c7b\u578b|\u6570\u503c|\u8bf4\u660e|\n|---|---|---|---|\n|collect|int|?|\u8be5\u6e38\u620f\u672c\u7684\u6536\u85cf\u6570|\n","s_number":"3","page_comments":""},{"page_title":"\u5f39\u5e55","cat_id":"35","page_content":"# <center>\u5f39\u5e55<\/center>\n\n\u5f39\u5e55\u5185\u5bb9\u4e0d\u80fd\u8d85\u8fc7 80 \u5b57\u7b26\u3002\n\n\u5f39\u5e55\u6307\u7684\u662f\u6e38\u620f\u672c\u7ae0\u8282\u7684\u5f39\u5e55\uff0c\u6bcf\u4e00\u4e2a\u6e38\u620f\u672c\u6bcf\u4e00\u7ae0\u8282\uff0c\u6bcf\u4e2a\u7528\u6237\u6700\u591a\u53d1 3 \u6761\u5f39\u5e55\u3002\n\n\u5f39\u5e55\u53ef\u4ee5\u5220\u9664\u3001\u6dfb\u52a0\uff0c\u4e0d\u53ef\u4ee5\u88ab\u66f4\u65b0\u3002\u7b2c\u4e00\u7248\u672c\u8f6f\u4ef6\uff0c\u5f39\u5e55\uff0c\u53ea\u80fd\u6dfb\u52a0\uff0c\u5220\u9664\u529f\u80fd\u9884\u7559\u3002\n\n\u67d0\u4e00\u4e2a\u7ae0\u8282\u5177\u4f53\u6709\u4ec0\u4e48\u5f39\u5e55\uff0c\u8fd9\u4e2a\u67e5\u8be2\u529f\u80fd\uff0c\u4f1a\u5728\u6e38\u620f\u672c\u4e2d\u505a\uff0c\u6ca1\u6709\u5355\u72ec\u7684\u67e5\u8be2 API\u3002\n\n\u5f39\u5e55\u529f\u80fd\n\n- \u6dfb\u52a0\n- \u5220\u9664\u300c\u9884\u7559\u300d\n\n## \u6dfb\u52a0\n\n\u6dfb\u52a0\u7684\u6d41\u7a0b\u56fe\u3002\n\n![](http:\/\/47.122.21.202:4999\/server\/index.php?s=\/api\/attachment\/visitFile&sign=673bb8798621645eb0efda795dc6caf7)\n\n\u76f8\u5173 API \u5982\u4e0b\u3002\n\n|\u53c2\u6570|\u8bf4\u660e|\n|---|---|\n|URL|xxx.com\/book\/danmu|\n|method|POST|\n\n\u76f8\u5173\u53c2\u6570\n\n|\u53c2\u6570|\u7c7b\u578b|\u6570\u503c|\u8bf4\u660e|\n|---|---|---|---|\n|book_token|String|?|\u6e38\u620f\u672c token|\n|section_token|String|?|\u7ae0\u8282 token|\n|danmu|String|?|\u7ae0\u8282\u5f39\u5e55|\n|page|String|?|\u9875\u7801\u300c\u9884\u7559\u300d|\n\n\u9700\u8981\u6ce8\u610f\u7684\u662f\uff0c\u524d\u7aef\u9700\u8981\u9a8c\u8bc1\u4e00\u4e0b\u5f39\u5e55\u7684\u5b57\u7b26\u5185\u5bb9\u957f\u5ea6\u3002\n\n\u53e6\u5916\uff0c\u6709\u4e00\u79cd\u60c5\u51b5\u9700\u8981\u6ce8\u610f\u7684\u662f\u3002\u5047\u8bbe\u67d0\u4e00\u7528\u6237\u6ca1\u6709\u4ed8\u8d39\u6e38\u620f\u672c\u7684 NFT\uff0c\u4f46\u662f\uff0c\u5374\u53d1\u9001\u4e86\u4ed8\u8d39\u7ae0\u8282\u7684\u5f39\u5e55\u3002\u540e\u7aef\u662f\u4e0d\u80fd\u505a\u8fd9\u4e2a\u6821\u9a8c\u7684\uff0c\u9996\u5148\u540e\u7aef\u65e0\u6cd5\u5b58\u50a8\u6240\u6709 NFT \u6700\u65b0\u72b6\u6001\uff0c\u6bd4\u5982 NFT \u901a\u8fc7\u4ea4\u6613\u5e02\u573a\u4ea4\u6613\uff0c\u8fd9\u6837\u7684\u72b6\u6001\u53d8\u5316\uff0c\u6211\u4eec\u662f\u83b7\u53d6\u4e0d\u5230\u7684\u3002\u540e\u7aef\u5982\u679c\u8981\u8fdb\u884c\u6821\u9a8c\uff0c\u5fc5\u7136\u9700\u8981\u548c\u533a\u5757\u94fe\u8fdb\u884c HTTP \u8bf7\u6c42\uff0c\u8fd9\u6837\u7684\u8bdd\uff0c\u4f1a\u9020\u6210\u4e1a\u52a1\u65f6\u95f4\u62c9\u957f\uff0c\u5982\u679c\uff0c\u77ed\u65f6\u95f4\u8bf7\u6c42\u8fc7\u591a\uff0c\u4f1a\u4f7f\u7528\u6237\u4f53\u9a8c\u975e\u5e38\u7cdf\u7cd5\u3002\n\n\u5982\u679c\u653e\u7f6e\u5728\u524d\u7aef\uff0c\u4e1a\u52a1\u4f1a\u591a\u4f59\u91cd\u53e0\u3002\u9996\u5148\uff0c\u6839\u636e\u4e1a\u52a1\uff0c\u7528\u6237\u5728\u6ca1\u6709\u6e38\u620f\u672c NFT \u60c5\u51b5\u4e0b\u662f\u4e0d\u53ef\u80fd\u8fdb\u5165\u5230\u4ed8\u8d39\u7ae0\u8282\u7684\u3002\u6240\u4ee5\uff0c\u51fa\u73b0\u8fd9\u79cd\u60c5\u51b5\uff0c\u53ea\u80fd\u662f\u9ed1\u5ba2\u4f2a\u9020\u4e86\u8bf7\u6c42\u3002\u5bf9\u4ed8\u8fd9\u79cd\u4f2a\u9020\u8bf7\u6c42\u7684\u76ee\u524d\u53ea\u80fd\u7528 headers \u4e2d auth \u8fdb\u884c\u5224\u522b\u3002auth \u4e00\u6837\u53ef\u4ee5\u4f2a\u9020\uff0c\u4e0d\u8fc7\uff0c\u8fd9\u79cd\u975e\u5b89\u5168\u7c7b\u4fe1\u606f\uff0c\u4f2a\u9020\u6210\u529f\u540e\uff0c\u5f71\u54cd\u4e0d\u5927\uff0c\u6240\u4ee5\uff0c\u5c31\u91c7\u7528 auth \u8bc6\u522b\u65b9\u6848\u3002\n\n\u540e\u7aef\u4e5f\u9700\u8981\u9a8c\u8bc1\u5f39\u5e55\u957f\u5ea6\u3002\n\n- \u4e00\u4e2a\u8d26\u53f7 6 \u5c0f\u65f6\u53ea\u80fd\u53d1\u4e00\u6b21\u5f39\u5e55\n- \u4e00\u4e2a\u8d26\u53f7\u5728\u4e00\u4e2a\u7ae0\u8282\u6700\u591a\u53d1 3 \u6b21\u5f39\u5e55\n\nresponse \u8fd4\u56de\n\n- \u6210\u529f\u8fd4\u56de\n\n```\nresponse: {\n\tcode: ?,\n\tstatus: success,\n\tmsg: \"\u5f39\u5e55\u6dfb\u52a0\u6210\u529f\",\n\tdata:{\n\t\tdanmus: {\n\t\t\t\"1\":\"\",\n\t\t\t\"2\":\"\",\n\t\t\t\"3\":\"\",\n\t\t}\n\t}\n}\n```\n\n\u5f39\u5e55\u6700\u591a\u6709 50 \u6761\uff0c\u8d85\u8fc7 50 \u6761\uff0c\u6682\u65f6\u4e0d\u5904\u7406\u3002\u5f39\u5e55\u7684\u6392\u5e8f\u6309\u7167\u65f6\u95f4\u8fdb\u884c\u5012\u5e8f\u3002\n\n- \u8fd4\u56de\u5931\u8d25\n\n```\nresponse: {\n\tcode: ?,\n\tstatus: fail\/error,\n\tmsg: \"\u767b\u5f55\u5931\u8d25\/\u5bc6\u7801\u4e0d\u5bf9\/IP \u64cd\u4f5c\u592a\u9891\u7e41... ...\",\n\tdata: {}\n}\n```\n\n|\u53c2\u6570|\u7c7b\u578b|\u6570\u503c|\u8bf4\u660e|\n|---|---|---|---|\n|danmus|json|?|\u5f39\u5e55\uff0c\u6309\u7167\u65e5\u671f\u5012\u5e8f\u6392\u5217|\n\n## \u5220\u9664\u300c\u9884\u7559\u300d","s_number":"4","page_comments":""},{"page_title":"\u8bc4\u8bba","cat_id":"35","page_content":"# <center>\u8bc4\u8bba<\/center>\n\n\u8bc4\u8bba\u4e0d\u80fd\u8d85\u8fc7 200 \u5b57\u3002\n\n\u7528\u6237\u8bc4\u8bba\u529f\u80fd\u5982\u4e0b:\n\n- \u6dfb\u52a0\n- \u5220\u9664\n\n\u8bc4\u8bba\u6ca1\u6709\u67e5\u8be2\u529f\u80fd\uff0c\u8be5\u529f\u80fd\u96c6\u6210\u5728\u6e38\u620f\u672c API \u4e2d\u3002\n\n## \u6dfb\u52a0\n\n\u8bc4\u8bba\u6dfb\u52a0\u7684\u6d41\u7a0b\u56fe\u5982\u4e0b\n\n![](http:\/\/47.122.21.202:4999\/server\/index.php?s=\/api\/attachment\/visitFile&sign=41d00ad9c3e0d0c68c795d553f4a79ed)\n\n\u9700\u8981\u6ce8\u610f\u7684\u662f\u300c\u540e\u7aef\u8fd4\u56de\u4fe1\u606f\u300d\u3002\u5f53\u6210\u529f\u540e\uff0c\u540e\u7aef\u5728 response \u4e2d\u7684 data \u4e2d\u8fd4\u56de ? \u6761\u8bc4\u8bba\uff0c\u6700\u65b0\u7684\u4e00\u6761\u5373\u662f\u521a\u624d\u8bc4\u8bba\u7684\u90a3\u6761\u3002\n\n\u4e00\u4e2a\u7528\u6237\u5bf9\u4e8e\u540c\u4e00\u4e2a\u6e38\u620f\u672c\uff0c\u53ea\u80fd\u8bc4\u8bba\u4e00\u6b21\u3002\u5220\u9664\u540e\uff0c\u53ef\u4ee5\u5237\u65b0\u8be5\u8bc4\u8bba\u3002\n\n\u540e\u7aef\u76f8\u5173\u884c\u4e3a\n\n- \u67e5\u8be2\u8be5 userToken \u662f\u5426\u8bc4\u8bba\u4e86\u8be5\u6e38\u620f\u672c\uff0c\u6ca1\u6709\n- \u68c0\u6d4b\u957f\u5ea6\u662f\u5426\u5408\u89c4\uff0c\u901a\u8fc7\n- \u5b58\u5e93\uff0c\u8fd4\u56de\n\n\u76f8\u5173 API \u5982\u4e0b\n\n|\u53c2\u6570|\u8bf4\u660e|\n|---|---|\n|URL|xxx.com\/book\/comment|\n|method|POST|\n\n\u76f8\u5173\u53c2\u6570\n\n|\u53c2\u6570|\u7c7b\u578b|\u6570\u503c|\u8bf4\u660e|\n|---|---|---|---|\n|book_token|String|?|\u6e38\u620f\u672c\u7684 token|\n|comment|String|?|\u8bc4\u8bba|\n\nresponse \u8fd4\u56de\n\n- \u6210\u529f\u8fd4\u56de\n\n```\nresponse: {\n\tcode: ?,\n\tstatus: success,\n\tmsg: \"\u8bc4\u8bba\u6dfb\u52a0\u6210\u529f\",\n\tdata:{\n\t\tcomment_count:0,\n\t\tcomments: {\n\t\t\t\"1\":\"\",\n\t\t\t\"2\":\"\",\n\t\t\t\"3\":\"\",\n\t\t}\n\t}\n}\n```\n\n\u5f39\u5e55\u6700\u591a\u6709 50 \u6761\u3002\n\n- \u8fd4\u56de\u5931\u8d25\n\n```\nresponse: {\n\tcode: ?,\n\tstatus: fail\/error,\n\tmsg: \"?\",\n\tdata: {}\n}\n```\n\n|\u53c2\u6570|\u7c7b\u578b|\u6570\u503c|\u8bf4\u660e|\n|---|---|---|---|\n|comment_count|int|?|\u4e00\u5171\u6709\u591a\u5c11\u6761\u8bc4\u8bba|\n|comments|json|?|\u8bc4\u8bba\uff0c\u6309\u7167\u65e5\u671f\u5012\u5e8f\u6392\u5217|\n\n## \u5220\u9664 \u300c\u9884\u7559\u300d","s_number":"5","page_comments":""},{"page_title":"\u4fe1\u606f","cat_id":"35","page_content":"\u76f8\u5173 API \u5982\u4e0b\n\n|\u53c2\u6570|\u8bf4\u660e|\n|---|---|\n|URL|xxx.com\/user\/info|\n|method|GET|\n\n\u76f8\u5173\u53c2\u6570\n\n|\u53c2\u6570|\u7c7b\u578b|\u6570\u503c|\u8bf4\u660e|\n|---|---|---|---|\n|user_token|String|?|\u7528\u6237 token|\n\nresponse \u8fd4\u56de\n\n- \u6210\u529f\u8fd4\u56de\n\n```\nresponse: {\n\tcode: ?,\n\tstatus: success,\n\tmsg: \"\",\n\tdata:{\n\t\t\t\"PNFT\":{\n\t\t\t\t\"nft_token\":\"\",\n\t\t\t\t\"nft_url\":\"\",\n\t\t\t\t\"number\":10,\n\t\t\t\t\"offer_number\":10,\n\t\t\t},\n\t\t\t\"paperNFT\":{\n\t\t\t\t\"nft_token\":\"\",\n\t\t\t\t\"nft_url\":\"\",\n\t\t\t\t\"offer_number\":10,\n\t\t\t\t\"chain_number\":10,\n\t\t\t},\n\t\t\t\"gameNFT\":{\n\t\t\t\t\"self\":{\n\t\t\t\t\t1:{\n\t\t\t\t\t\t\"rent\":20,\n\t\t\t\t\t\t\"book_title\":\"\",\n\t\t\t\t\t\t\"book_url\":\"\",\n\t\t\t\t\t\t\"nft_token\":\"\",\n\t\t\t\t\t\t\"nft_url\":\"\",\n\t\t\t\t\t\t\"token_id\":\"\",\n\t\t\t\t\t},\n\t\t\t\t},\n\t\t\t\t\"sell\":{\n\t\t\t\t\t1:{\n\t\t\t\t\t\t\"rent\":20,\n\t\t\t\t\t\t\"book_title\":\"\",\n\t\t\t\t\t\t\"book_url\":\"\",\n\t\t\t\t\t\t\"nft_token\":\"\",\n\t\t\t\t\t\t\"nft_url\":\"\",\n\t\t\t\t\t\t\"token_id\":\"\",\n\t\t\t\t\t\t\"price\":0,\n\t\t\t\t\t},\n\t\t\t\t},\n\t\t\t\t\"rent\":{\n\t\t\t\t\t1:{\n\t\t\t\t\t\t\"book_title\":\"\",\n\t\t\t\t\t\t\"book_url\":\"\",\n\t\t\t\t\t\t\"nft_token\":\"\",\n\t\t\t\t\t\t\"nft_url\":\"\",\n\t\t\t\t\t\t\"token_id\":\"\",\n\t\t\t\t\t\t\"rent\":20,\n\t\t\t\t\t\t\"user_rent_number\":2,\n\t\t\t\t\t\t\"all_rent_number\":2,\n\t\t\t\t\t\t\"price\":0.2,\n\t\t\t\t\t},\n\t\t\t\t},\n\t\t\t\t\"rented\":{\n\t\t\t\t\t1:{\n\t\t\t\t\t\t\"book_title\":\"\",\n\t\t\t\t\t\t\"book_url\":\"\",\n\t\t\t\t\t\t\"nft_token\":\"\",\n\t\t\t\t\t\t\"nft_url\":\"\",\n\t\t\t\t\t\t\"token_id\":\"\",\n\t\t\t\t\t}\uff0c\n\t\t\t\t}\uff0c\n\t\t\t},\n\t\t}\n\t}\n}\n```\n\n- PNFT\n\t- \u5e73\u53f0 NFT\n- paperNFF\n\t- \u7eb8\u5f20 NFT\n- gameNFT\n\t- \u6e38\u620f\u672c NFT\n\t\t- self\n\t\t\t- \u81ea\u6301\n\t\t- sell\n\t\t\t- \u51fa\u552e\n\t\t- rent\n\t\t\t- \u51fa\u79df\n\t\t- rented\n\t\t\t- \u6211\u7684\u79df\u4e66\n\n\u6bcf\u79cd\u7c7b\u578b\u6700\u591a 20 \u6761\n\n|\u53c2\u6570|\u7c7b\u578b|\u6570\u503c|\u8bf4\u660e|\n|---|---|---|---|\n|contract|string|?|\u5408\u7ea6\u5730\u5740|\n|number|int|?|\u6570\u91cf|\n|offer_number|int|?|\u94fe\u4e0b\u6570\u91cf|\n|chain_number|int|?|\u94fe\u4e0a\u6570\u91cf|\n|book_title|String|?|\u6e38\u620f\u672c\u6807\u9898|\n|book_url|String|?|\u6e38\u620f\u672c\u5c01\u9762 url|\n|nft_token|String|?|nft \u5408\u7ea6\u5730\u5740|\n|nft_url|String|?|nft \u5c01\u9762 url|\n|token_id|int|?|nft \u7684 token id|\n|rent|int|?|\u51fa\u79df\u7ea7\u522b|\n|price|double|?|\u4ef7\u683c|\n|user_rent_number|int|?|\u4ee5\u51fa\u79df\u6570\u91cf|\n|all_rent_number|int|?|\u603b\u5171\u51fa\u79df\u6570\u91cf|\n","s_number":"99","page_comments":""}],"catalogs":[]},{"cat_id":"37","cat_name":"\u6e38\u620f\u672c\/\u6e38\u620f\u672c NFT","parent_cat_id":"34","level":"3","s_number":"2","pages":[{"page_title":"\u6e38\u620f\u672c\u603b\u89c8","cat_id":"37","page_content":"\u6e38\u620f\u672c\u8981\u7279\u522b\u6ce8\u610f\u4e24\u79cd\u653b\u51fb\u65b9\u5f0f\n\n- \u968f\u610f\u7f16\u5199\u70c2\u5267\u672c\uff0c\u7528\u4ee3\u7801\u751f\u6210\u6279\u91cf\u4e0a\u4f20\n- \u590d\u5236\u522b\u4eba\u7684\u5267\u672c\uff0c\u6539\u6539\u5185\u5bb9\uff0c\u76f4\u63a5\u4ee3\u7801\u4e0a\u4f20\n\n\u7531\u4e8e\u6709 ChatGpt \u8fd9\u79cd\u5b58\u5728\uff0c\u6240\u4ee5\uff0c\u5b8c\u5168\u6709\u4eba\u53ef\u4ee5\u77ed\u65f6\u95f4\u5185\u751f\u6210\u5927\u91cf\u9ad8\u8d28\u91cf\u5267\u672c\uff0c\u7136\u540e\u77ed\u65f6\u95f4\u63d0\u4ea4\u5927\u91cf\u5267\u672c\uff0c\u8fd9\u662f\u5141\u8bb8\u7684\u3002\n\n\u4e3a\u4e86\u907f\u514d\u4e0a\u8ff0\u7684\u5b58\u5728\uff0c\u8fdb\u884c\u4e0b\u9762\u7684\u53ef\u80fd\u6027\u7684\u89e3\u51b3\u65b9\u6848\u3002\n\n- \u4eba\u5de5\u5ba1\u6838\n\t- \u6210\u672c\u592a\u9ad8\n- \u7528\u6237\u53ef\u4ee5\u5bf9\u67d0\u4e00\u4e66\u7c4d\u8fdb\u884c unlike\n- \u60e9\u7f5a\u673a\u5236\n\t- \u5728\u7ecf\u6d4e\u6a21\u578b 0.0.2 \u7684\u65f6\u5019\uff0c\u5982\u679c\uff0c\u4e00\u4e2a\u4f5c\u8005\u7684 unlike \u6bd4\u91cd\u8fc7\u5927\uff0c\u5c06\u5f88\u96be\u83b7\u5f97\u63a8\u8350\u548c\u4e0a\u67b6\uff0c\u540c\u65f6\u4f5c\u8005\u7684\u540d\u8a89\u503c\u3001\u5e78\u8fd0\u503c\u7b49\u4e00\u7cfb\u5217\u53d7\u635f\n\t- \u5728\u7ecf\u6d4e\u6a21\u578b 0.0.2 \u7684\u65f6\u5019\uff0c\u597d\u4f5c\u8005\u5c06\u4f1a\u6bd4\u70c2\u4f5c\u8005\u66f4\u5177\u6709\u66dd\u5149\u6027\uff0c\u83b7\u53d6\u7684\u4ef7\u503c\u66f4\u5927","s_number":"1","page_comments":""},{"page_title":"\u67e5\u8be2","cat_id":"37","page_content":"\u67e5\u8be2\u4e00\u5171\u5206\u4e3a\u4e0b\u9762\u51e0\u7c7b\n\n- \u67e5\u8be2\u8be6\u60c5\n\t- \u67e5\u8be2\u67d0\u4e00\u672c\u8be6\u60c5\n\t- \u67e5\u8be2\u67d0\u4e00\u672c\u7684\u67d0\u4e00\u7ae0\u8282\u7684\u8be6\u60c5\n- \u67e5\u8be2\u67d0\u4e00\u7c7b\n- \u6a21\u7cca\u641c\u7d22\n\n## \u67e5\u8be2\u67d0\u4e00\u672c\u8be6\u60c5\n\n\u76f8\u5173 API \u5982\u4e0b\n\n|\u53c2\u6570|\u8bf4\u660e|\n|---|---|\n|URL|xxx.com\/book\/get|\n|method|GET|\n\n\u76f8\u5173\u53c2\u6570\n\n|\u53c2\u6570|\u7c7b\u578b|\u6570\u503c|\u8bf4\u660e|\n|---|---|---|---|\n|book_token|String|?|\u6e38\u620f\u672c token|\n|page|int|?|\u8bc4\u8bba\u7b2c\u51e0\u9875|\n\n\u8bc4\u8bba\u4e00\u6b21\u6700\u591a\u8fd4\u56de 20 \u6761\uff0c\u6839\u636e page \u6765\u8fdb\u884c\u9012\u589e\u3002\n\nresponse \u8fd4\u56de\n\n- \u6210\u529f\u8fd4\u56de\n\n```\nresponse: {\n\tcode: ?,\n\tstatus: success,\n\tmsg: \"?\",\n\tdata: {\n\t\t\"like\": 200,\n\t\t\"collect\": 300,\n\t\t\"book_type\":1,\n\t\t\"book_token\":\"\",\n\t\t\"book_title\":\"\",\n\t\t\"book_summary\":\"\",\n\t\t\"user_address\":\"\",\n\t\t\"NFT_token\":\"\",\n\t\t\"NFT_name\":\"\",\n\t\t\"NFT_origin_number\":0,\n\t\t\"NFT_mint_number\":0,\n\t\t\"NFT_new_number\":0,\n\t\t\"NFT_url\":\"\",\n\t\t\"engine_code\":0,\n\t\t\"chain_code\":0,\n\t\t\"comment_count\":0,\n\t\t\"comment\":{\n\t\t\t\"1\":\"\",\n\t\t\t\"2\":\"\",\n\t\t\t\"3\":\"\",\n\t\t\t... ...\n\t\t},\n\t\t\"section_count\":0,\n\t\t\"section\":{\n\t\t\t\"1\":{\n\t\t\t\t\"section_title\":\"\",\n\t\t\t\t\"section_token\":\"\",\n\t\t\t},\n\t\t\t\"2\":...,\n\t\t\t...\n\t\t}\n\t}\n}\n```\n\n- \u8fd4\u56de\u5931\u8d25\n\n```\nresponse: {\n\tcode: ?,\n\tstatus: fail\/error,\n\tmsg: \"?\",\n\tdata: {}\n}\n```\n\n\u53c2\u6570\u8bf4\u660e\n\n|\u53c2\u6570|\u7c7b\u578b|\u6570\u503c|\u8bf4\u660e|\n|---|---|---|---|\n|like|int|?|\u8be5\u6e38\u620f\u672c\u7684\u70b9\u8d5e\u6570|\n|collect|int|?|\u8be5\u6e38\u620f\u672c\u7684\u6536\u85cf\u6570|\n|book_type|int|?|\u8be5\u6e38\u620f\u672c\u7684\u7c7b\u578b|\n|book_token|String|?|\u8be5\u6e38\u620f\u672c\u7684\u552f\u4e00token|\n|book_title|String|?|\u6e38\u620f\u672c\u7684\u6807\u9898|\n|book_url|String|?|\u6e38\u620f\u672c\u7684 URL|\n|book_summary|String|?|\u6e38\u620f\u672c\u7684\u7b80\u4ecb|\n|user_address|String|?|\u4f5c\u8005\u7684\u94b1\u5305\u5730\u5740|\n|NFT_token|String|?|NFT \u5408\u7ea6\u5730\u5740|\n|NFT_name|String|?|NFT\u540d\u5b57|\n|NFT_origin_number|int|?|NFT \u521d\u59cb\u6570\u91cf|\n|NFT_mint_number|int|?|\u521d\u59cb\u6570\u91cf\u5df2\u7ecf mint \u7684\u6570\u91cf|\n|NFT_new_number|int|?|\u65b0 NFT \u4ea7\u751f\u7684\u6570\u91cf|\n|NFT_chain_number|int|?|NFT \u94fe\u4e0a\u603b\u6570\u91cf|\n|NFT_url|String|?|NFT \u56fe\u7247\u5b58\u50a8 URL|\n|engine_code|int|?|\u5f15\u64ce\u7f16\u53f7|\n|chain_code|int|?|\u4e3b\u94fe\u7f16\u53f7|\n|comment_count|int|?|\u4e00\u5171\u6709\u591a\u5c11\u4e2a\u8bc4\u8bba|\n|comment|json|?|\u8bc4\u8bba|\n|section_count|int|?|\u7ae0\u8282\u6570\u91cf|\n|section_title|String|?|\u7ae0\u8282\u6807\u9898|\n|section_token|String|?|\u7ae0\u8282 token|\n\n\u5982\u679c\u6709 NFT \u4fe1\u606f\uff0c\u5c31\u8bc1\u660e\u8fd9\u662f\u4e00\u4e2a\u4ed8\u8d39\u672c\u3002\n\n## \u67e5\u8be2\u67d0\u4e00\u672c\u4e2d\u67d0\u4e00\u7ae0\u8282\u8be6\u60c5\n\n\u67e5\u8be2\u67d0\u4e00\u7ae0\u8282\u7684\u8be6\u60c5\uff0c\u9700\u8981\u5206\u4e3a\u4e24\u4e2a\u60c5\u51b5\n\n- \u514d\u8d39\u7ae0\u8282\n- \u4ed8\u8d39\u7ae0\u8282\n\n\u76f8\u5173\u6d41\u7a0b\u56fe\u5982\u4e0b\n\n\u524d\u7aef\u7684\u9a8c\u8bc1\u6d41\u7a0b\u5982\u4e0b\n\n- \u5224\u65ad\u662f\u5426\u662f\u514d\u8d39\u8fd8\u662f\u4ed8\u8d39\u7ae0\u8282\uff0c\u5982\u679c\u662f\u4ed8\u8d39\u7ae0\u8282\n- \u524d\u7aef\u901a\u8fc7\u8c03\u7528\u533a\u5757\u94fe\uff0c\u5224\u65ad\u8be5\u94b1\u5305\u662f\u5426\u6709\u6b64 NFT \u7684\u6743\u9650\uff0c\u901a\u8fc7\u540e\n- \u53d1\u9001\u6570\u636e\n\n\u76f8\u5173 API \u5982\u4e0b\n\n|\u53c2\u6570|\u8bf4\u660e|\n|---|---|\n|URL|xxx.com\/book\/section|\n|method|GET|\n\n\u76f8\u5173\u53c2\u6570\n\n|\u53c2\u6570|\u7c7b\u578b|\u6570\u503c|\u8bf4\u660e|\n|---|---|---|---|\n|book_token|String|?|\u6e38\u620f\u672c token|\n|section_token|String|?|\u6e38\u620f\u672c\u7ae0\u8282 token|\n\n\u8be5\u8bf7\u6c42\uff0c\u8fd8\u662f\u5b58\u5728\u88ab\u653b\u51fb\u7684\u53ef\u80fd\u6027\uff0c\u4f46\u662f\uff0c\u7531\u4e8e\u662f\u975e\u5b89\u5168\u4fe1\u606f\uff0c\u6240\u4ee5\uff0c\u53d7\u707e\u7a0b\u5ea6\u53ef\u4ee5\u5fcd\u53d7\uff0c\u901a\u8fc7 headers \u4e2d\u7684 auth \u5224\u65ad\u5373\u53ef\u3002\n\nresponse \u8fd4\u56de\n\n- \u6210\u529f\u8fd4\u56de\n\n```\nresponse: {\n\tcode: ?,\n\tstatus: success,\n\tmsg: \"?\",\n\tdata: {\n\t\t\"engine_code\":0,\n\t\t\"yaml\":\"\",\n\t\t\"danmus\":{\n\t\t\t\"1\":\"\",\n\t\t\t\"2\":\"\",\n\t\t\t\"3\":\"\",\n\t\t\t... ...\n\t\t}\n\t}\n}\n```\n\n- \u8fd4\u56de\u5931\u8d25\n\n```\nresponse: {\n\tcode: ?,\n\tstatus: fail\/error,\n\tmsg: \"?\",\n\tdata: {}\n}\n```\n\n\u53c2\u6570\u8bf4\u660e\n\n|\u53c2\u6570|\u7c7b\u578b|\u6570\u503c|\u8bf4\u660e|\n|---|---|---|---|\n|engine_code|int|?|\u5f15\u64ce\u4ee3\u7801|\n|yaml|String|?|\u5267\u672c\u5185\u5bb9|\n|danmus|json|?|\u5f39\u5e55|\n\n## \u67e5\u8be2\u6240\u6709\u7528\u6237\u7684\u67d0\u4e00\u7c7b\/\u67e5\u8be2\u81ea\u5df1\u7684\u6240\u6709\n\n\u5e76\u4e14\uff0c\u6709\u4e24\u4e2a\u573a\u666f\uff0c\u7528\u6237\u67e5\u8be2\u81ea\u5df1\uff0c\u7528\u6237\u67e5\u8be2\u4ed6\u4eba + \u81ea\u5df1\u3002\n\n\u76f8\u5173 API \u5982\u4e0b\n\n|\u53c2\u6570|\u8bf4\u660e|\n|---|---|\n|URL|xxx.com\/book\/collect|\n|method|GET|\n\n\u76f8\u5173\u53c2\u6570\n\n|\u53c2\u6570|\u7c7b\u578b|\u6570\u503c|\u8bf4\u660e|\n|---|---|---|---|\n|page|int|?|\u7b2c\u51e0\u9875\uff0c\u4e0d\u586b\u5199\u4e3a 0 \u9875|\n|user_token|String|?|\u7528\u6237\u552f\u4e00\u8bc6\u522b token|\n|book_type|int|?|\u4e66\u7c4d\u7c7b\u522b|\n|book_status|int|?|\u4e66\u7c4d\u72b6\u6001<br\/>1 \u5df2\u53d1\u5e03<br\/>2 \u8349\u7a3f\u7bb1<br\/>3 \u574f\u5267\u672c|\n\n- \u8fd9\u4e2a user_token \u8981\u5199\u5728\u53c2\u6570\u91cc\uff0c\u8fd9\u6837\u533a\u5206\u67e5\u8be2\u6240\u6709\u7528\u6237\u8fd8\u662f\u53ea\u67e5\u8be2\u81ea\u5df1\u7528\u6237\n- \u5982\u679c user_token \u6709\u503c\uff0c\u5219\u8bc1\u660e\u67e5\u8be2\u8be5\u7528\u6237\u4e0b\u7684\u4e66\u7c4d\uff0c\u4e0d\u533a\u5206\u5206\u7c7b\uff0c\u5982\u679c\uff0c\u6ca1\u6709\u503c\uff0c\u5219\u8bc1\u660e\u67e5\u8be2\u8be5\u5206\u7c7b\u4e0b\u7684\u6240\u6709\u7684\u4e66\u7c4d\n\t- \u5728 user_token \u5b58\u5728\u7684\u60c5\u51b5\u4e0b\uff0cbook_status \u624d\u6709\u6548\n- \u5982\u679c book_type \u6709\u503c\uff0c\u5219\u8bc1\u660e\u67e5\u8be2\u67d0\u4e00\u7c7b\u522b\u7684\u4e66\u7c4d\uff0c\u8be5\u503c\u548c user_token \u4e0d\u517c\u5bb9\uff0cuser_token \u4f18\u5148\u7ea7\u6700\u9ad8\n- book_status \u6e38\u620f\u672c\u72b6\u6001\uff0c\u8349\u7a3f\u7bb1\/\u5df2\u53d1\u5e03\/\u574f\u5267\u672c\u3002\u8be5\u503c\u548c user_token \u6210\u5bf9\u51fa\u73b0\n\nresponse \u8fd4\u56de\n\n- \u6210\u529f\u8fd4\u56de\n\n```\nresponse: {\n\tcode: ?,\n\tstatus: success,\n\tmsg: \"?\",\n\tdata: {\n\t\t\"1\":{\n\t\t\t\"book_token\":\"\",\n\t\t\t\"book_title\":\"\",\n\t\t\t\"book_url\":\"\",\n\t\t\t\"bad_msg\":\"\",\n\t\t\t\"like\":0,\n\t\t\t\"collect\":0,\n\t\t\t\"book_status\":1,\n\t\t\t\"NFT_token\":\"\",\n\t\t}\n\t}\n}\n```\n\n\u53c2\u6570\u8bf4\u660e\n\n|\u53c2\u6570|\u7c7b\u578b|\u6570\u503c|\u8bf4\u660e|\n|---|---|---|---|\n|like|int|?|\u8be5\u6e38\u620f\u672c\u7684\u70b9\u8d5e\u6570|\n|collect|int|?|\u8be5\u6e38\u620f\u672c\u7684\u6536\u85cf\u6570|\n|book_token|String|?|\u8be5\u6e38\u620f\u672c\u7684\u552f\u4e00token|\n|book_title|String|?|\u6e38\u620f\u672c\u7684\u6807\u9898|\n|book_url|String|?|\u6e38\u620f\u672c\u7684\u5c01\u9762 URL|\n|bad_msg|String|?|\u70c2\u5267\u672c\u7684\u7406\u7531|\n|book_status|int|?|\u6e38\u620f\u672c\u72b6\u6001\u5df2\u53d1\u5e03\/\u8349\u7a3f\u7bb1\/\u574f\u5267\u672c|\n|NFT_token|String|?|\u6e38\u620f\u672c\u7684 NFT \u5408\u7ea6\u5730\u5740\uff0c\u7528\u6765\u5224\u65ad\u662f\u5426\u4e0a\u94fe|\n\n## \u6a21\u7cca\u67e5\u8be2\n\n\u76ee\u524d\u53ea\u652f\u6301\u67e5\u8be2\u6e38\u620f\u672c\u540d\u5b57\u3002\n\n\u76f8\u5173 API \u5982\u4e0b\n\n|\u53c2\u6570|\u8bf4\u660e|\n|---|---|\n|URL|xxx.com\/book\/search|\n|method|GET|\n\n\u76f8\u5173\u53c2\u6570\n\n|\u53c2\u6570|\u7c7b\u578b|\u6570\u503c|\u8bf4\u660e|\n|---|---|---|---|\n|page|int|?|\u7b2c\u51e0\u9875\uff0c\u4e0d\u586b\u5199\u4e3a 0 \u9875|\n|book_title|string|?|\u6e38\u620f\u672c\u540d\u79f0|\n\nresponse \u8fd4\u56de\n\n- \u6210\u529f\u8fd4\u56de\n\n```\nresponse: {\n\tcode: ?,\n\tstatus: success,\n\tmsg: \"?\",\n\tdata: {\n\t\t\"1\":{\n\t\t\t\"book_token\":\"\",\n\t\t\t\"book_title\":\"\",\n\t\t\t\"book_url\":\"\",\n\t\t\t\"like\":0,\n\t\t\t\"collect\":0,\n\t\t}\n\t}\n}\n```\n\n\u53c2\u6570\u8bf4\u660e\n\n|\u53c2\u6570|\u7c7b\u578b|\u6570\u503c|\u8bf4\u660e|\n|---|---|---|---|\n|like|int|?|\u8be5\u6e38\u620f\u672c\u7684\u70b9\u8d5e\u6570|\n|collect|int|?|\u8be5\u6e38\u620f\u672c\u7684\u6536\u85cf\u6570|\n|book_token|String|?|\u8be5\u6e38\u620f\u672c\u7684\u552f\u4e00token|\n|book_title|String|?|\u6e38\u620f\u672c\u7684\u6807\u9898|\n|book_url|String|?|\u6e38\u620f\u672c\u7684\u5c01\u9762 URL|","s_number":"2","page_comments":""},{"page_title":"\u5b58\u50a8","cat_id":"37","page_content":"# <center>\u5b58\u50a8<\/center>\n\n\u5b58\u50a8\u6709\u4e0b\u9762\u51e0\u79cd\u573a\u666f\n\n1. \u5b58\u50a8\u6e38\u620f\u672c\u57fa\u672c\u4fe1\u606f\n1. \u5b58\u50a8\u7ae0\u8282\u5267\u672c\u8349\u7a3f\u7bb1\n\n## \u5b58\u50a8\u6e38\u620f\u672c\u57fa\u672c\u4fe1\u606f\n\n\u6d41\u7a0b\u56fe\u5982\u4e0b\n\n\u76f8\u5173 API \u5982\u4e0b\n\n|\u53c2\u6570|\u8bf4\u660e|\n|---|---|\n|URL|xxx.com\/book\/set|\n|method|POST|\n\n\u76f8\u5173\u53c2\u6570\n\n|\u53c2\u6570|\u7c7b\u578b|\u6570\u503c|\u8bf4\u660e|\n|---|---|---|---|\n|book_title|String|?|\u6e38\u620f\u672c\u6807\u9898|\n|book_url|String|?|\u6e38\u620f\u672c\u5c01\u9762 URL|\n|book_type|int|?|\u6e38\u620f\u672c\u5206\u7c7b|\n|book_summary|String|?|\u6e38\u620f\u672c\u7b80\u4ecb|\n\nresponse \u8fd4\u56de\u3002\n\n- \u6210\u529f\u8fd4\u56de\n\n```\nresponse: {\n\tcode: ?,\n\tstatus: success,\n\tmsg: \"?\",\n\tdata: {\n\t\t\t\"drafts\":true,\n\t}\n}\n```\n\n## \u5b58\u50a8\u7ae0\u8282\u5267\u672c\u8349\u7a3f\u7bb1\n\n\u6d41\u7a0b\u56fe\u5982\u4e0b\n\n\u76f8\u5173 API \u5982\u4e0b\n\n|\u53c2\u6570|\u8bf4\u660e|\n|---|---|\n|URL|xxx.com\/section\/set|\n|method|POST|\n\n\u76f8\u5173\u53c2\u6570\n\n|\u53c2\u6570|\u7c7b\u578b|\u6570\u503c|\u8bf4\u660e|\n|---|---|---|---|\n|book_token|String|?|\u6e38\u620f\u672c token|\n|section_title|String|?|\u7ae0\u8282\u6807\u9898|\n|section_token|String|?|\u7ae0\u8282 token|\n|section_content|String|?|\u7ae0\u8282\u5267\u672c|\n\n\u5982\u679c\u662f\u65b0\u521b\u5efa\u7684\u7ae0\u8282\uff0c\u90a3\u4e48 section_token \u4e3a\u7a7a\u3002\n\n\u9700\u8981\u6ce8\u610f\u7684\u662f\uff0c\u540e\u7aef\u9700\u8981\u6838\u9a8c\u53d1\u8fc7\u6765\u7684\u5267\u672c\u662f\u5426\u662f\u53d1\u8fc7 NFT \u7684\u5267\u672c\u3002\u5982\u679c\uff0c\u8be5\u5267\u672c\u5df2\u7ecf\u53d1\u8fc7 NFT\uff0c\u662f\u4e0d\u652f\u6301\u66f4\u65b0\u7684\u3002\u6240\u4ee5\uff0c\u8981\u505a\u4e00\u4e2a\u6821\u9a8c\u3002\n\nresponse \u8fd4\u56de\u3002\n\n- \u6210\u529f\u8fd4\u56de\n\n```\nresponse: {\n\tcode: ?,\n\tstatus: success,\n\tmsg: \"?\",\n\tdata: {\n\t}\n}\n```\n","s_number":"3","page_comments":""},{"page_title":"\u53d1\u5e03","cat_id":"37","page_content":"\u53d1\u5e03\u4e00\u5171\u6709\u4e24\u4e2a\u573a\u666f\u3002\n\n- \u514d\u8d39\n- \u4e0a\u94fe\n\n\u76f8\u5173 API \u5982\u4e0b\n\n|\u53c2\u6570|\u8bf4\u660e|\n|---|---|\n|URL|xxx.com\/book\/push|\n|method|POST|\n\n\u76f8\u5173\u53c2\u6570\n\n|\u53c2\u6570|\u7c7b\u578b|\u6570\u503c|\u8bf4\u660e|\n|---|---|---|---|\n|version|int|?|\u5224\u65ad\u662f\u7b2c\u51e0\u6b21\u8bf7\u6c42|\n|book_token|String|?|\u6e38\u620f\u672c token|\n|NFT_number|int|?|\u53d1\u5e03\u591a\u5c11\u4e2a NFT\uff0c\u514d\u8d39\u672c\u4e0d\u8d4b\u503c|\n|NFT_url|String|?|NFT \u5b58\u50a8 URL\uff0c\u514d\u8d39\u672c\u4e0d\u8d4b\u503c|\n|NFT_price|double|?|NFT mint \u4ef7\u683c\uff0c\u514d\u8d39\u672c\u4e0d\u8d4b\u503c|\n|chain_code|int|?|\u5177\u4f53\u4e0a\u94fe\u54ea\u4e2a\u4e3b\u94fe\u300c\u9884\u7559\u300d\uff0c\u514d\u8d39\u672c\u4e0d\u8d4b\u503c|\n|NFT_token|String|?|NFT \u5408\u7ea6\u5730\u5740\uff0c\u4e8c\u6b21\u8bf7\u6c42\u9700\u8981|\n\n\u524d\u7aef\u5904\u7406\u6d41\u7a0b\n\n- \u5224\u65ad\u662f\u514d\u8d39\u672c\u8fd8\u662f\u4e0a\u94fe\u672c\n- \u5982\u679c\u662f\u4e0a\u94fe\u672c\u7684\u8bdd\uff0c\u9700\u8981\u67e5\u8be2\u662f\u5426\u6709\u5e73\u53f0 NFT\n- \u62e5\u6709\u5e73\u53f0 NFT \u7684\u4eba\u53ef\u4ee5\u5bf9 mint \u7684\u521d\u59cb\u503c\u9002\u91cf\u6269\u5927\n\t-  \u6709\u5e73\u53f0 NFT \u6700\u5927\u53ef\u4ee5\u94f8\u9020 500 \u4e2a\n\t- \u6ca1\u6709\u5e73\u53f0 NFT \u6700\u5927\u53ea\u80fd\u94f8\u9020 300 \u4e2a\n\n\u540e\u7aef\u5904\u7406\u6d41\u7a0b\n\n- \u540e\u7aef\u63a5\u6536\u5230\u540e\uff0c\u5224\u65ad\u53c2\u6570\u662f\u5426\u7b26\u5408\u89c4\u8303\n\t- \u6536\u8d39\u672c\u5fc5\u987b\u8d85\u8fc7 12 \u7ae0\u8282\uff0c\u514d\u8d39\u672c\u6700\u5c0f\u4e3a 6 \u7ae0\u8282\n- \u5224\u65ad\u6e38\u620f\u672c\u662f\u514d\u8d39\u8fd8\u662f\u4e0a\u94fe\uff0c\u4e0a\u94fe\u540e\n- \u5224\u65ad\u8be5\u7528\u6237\u7684\u94f8\u9020\u6570\u91cf\u662f\u5426\u7b26\u5408\u89c4\u8303\n- \u83b7\u53d6\u7528\u6237\u7684 token\uff0c\u62ff\u5230\u7528\u6237\u7684 address \u540e\n- \u751f\u6210\u5408\u7ea6\u4ee3\u7801\uff0c\u8fd4\u56de\u7ed9\u524d\u7aef\n- \u524d\u7aef\u62ff\u5230\u5408\u7ea6\u540e\uff0c\u8c03\u7528\u5c0f\u72d0\u72f8\u8fdb\u884c\u4e0a\u94fe\u8bf7\u6c42\n- \u8fd9\u4e2a\u662f\u5426\u603b\u5171\u4f1a\u53d1\u751f\u4e0b\u9762\u7684\u573a\u666f\n\t- \u7528\u6237\u53d6\u6d88\n\t- \u7528\u6237\u63d0\u4ea4\uff0c\u5931\u8d25\n\t- \u7528\u6237\u63d0\u4ea4\u6210\u529f\n- \u53ea\u6709\u7528\u6237\u6210\u529f\u540e\uff0c\u624d\u4f1a\u53d1\u7b2c\u4e8c\u6b21\u8bf7\u6c42\n\n\u9ed1\u5ba2\u8fd8\u662f\u4f1a\u4f2a\u9020 API \u53c2\u6570\uff0c\u8fdb\u884c\u653b\u51fb\uff0c\u6bd4\u5982\u8c03\u6574 NFT mint \u7684\u521d\u59cb\u503c\u3002\u6240\u4ee5\uff0cNFT mint \u7684\u6700\u5927\u503c\u4e5f\u662f\u6709\u4e0a\u9650\u7684\uff0c\u8fd9\u6837\u5373\u4fbf\u662f\u88ab\u653b\u51fb\u4e86\uff0c\u635f\u5931\u4e5f\u4e0d\u5927\u3002\n\nresponse \u8fd4\u56de\n\n\u7b2c\u4e00\u6b21\u8bf7\u6c42\u8fd4\u56de\n\n- \u6210\u529f\u8fd4\u56de\n\n```\nresponse: {\n\tcode: ?,\n\tstatus: success,\n\tmsg: \"?\",\n\tdata: {\n\t\t\"auth\":\"\",\n\t\t\"contract\":\"\",\n\t}\n}\n```\n\n\u76f8\u5173\u53c2\u6570\n\n|\u53c2\u6570|\u7c7b\u578b|\u6570\u503c|\u8bf4\u660e|\n|---|---|---|---|\n|auth|byte|?|\u5408\u7ea6\u9a8c\u8bc1\u6570\u636e|\n|contract|byte|?|\u5408\u7ea6\u6570\u636e|\n\n\u7b2c\u4e8c\u6b21\u8bf7\u6c42\u8fd4\u56de\n\n- \u6210\u529f\u8fd4\u56de\n\n```\nresponse: {\n\tcode: ?,\n\tstatus: success,\n\tmsg: \"?\",\n\tdata: {\n\t}\n}\n```","s_number":"4","page_comments":""},{"page_title":"\u5347\u7ea7\/\u67e5\u8be2","cat_id":"37","page_content":"# <center>\u5347\u7ea7\/\u67e5\u8be2<\/center>\n\n## \u5347\u7ea7\n\n\u76ee\u524d\u6700\u9ad8 50 \u7ea7\u3002\n\n\u5347\u7ea7\u9700\u8981\u71c3\u70e7\u94fe\u4e0a\u7eb8\u5f20 NFT \u624d\u884c\u3002\n\n\u524d\u7aef\u901a\u8fc7\u4f20\u9012\u53c2\u6570\u7ed9\u540e\u7aef\uff0c\u540e\u7aef\u4f1a\u7ed9\u51fa\u52a0\u5bc6\u5b57\u6bb5\u3002\u901a\u8fc7\u8c03\u7528\u533a\u5757\u94fe\u71c3\u70e7\u7eb8\u5f20 NFT \u540e\uff0c\u7136\u540e\u540e\u7aef\u5347\u7ea7 NFT \u7684 rent \u503c\u3002\n\n\u901a\u8fc7 [\u4fe1\u606f](\/web\/#\/11\/82) \u53ef\u4ee5\u83b7\u53d6\u76f8\u5173\u4fe1\u606f\u3002\n\n\u6574\u4e2a\u5176\u5904\u7406\u6d41\u7a0b\u5982\u4e0b\n\n- \u524d\u7aef\u67e5\u8be2\u8be5\u5730\u5740\u4e0b\u6709\u591a\u5c11\u7eb8\u5f20 NFT\uff0c\u662f\u5426\u6ee1\u8db3\u5347\u7ea7\u6761\u4ef6\uff0c\u6ee1\u8db3\u7684\u8bdd\n- \u5411\u540e\u7aef\u4f20\u9012\u53c2\u6570\n- \u540e\u7aef\u62ff\u5230\u53c2\u6570\u540e\u8fd4\u56de\u52a0\u5bc6\u5b57\u6bb5\n- \u524d\u7aef\u8c03\u7528\u533a\u5757\u94fe\u300c\u63d0\u9192\u7528\u6237\u4e0d\u8981\u5207\u6362\u9875\u9762\u300d\uff0c\u8fdb\u884c\u94fe\u4e0a\u9500\u6bc1\n- \u53ea\u6709\u9500\u6bc1\u6210\u529f\u540e\uff0c\u624d\u8fdb\u884c\u4e8c\u6b21\u8bf7\u6c42\n- \u540e\u7aef\u63a5\u5230\u4e8c\u6b21\u8bf7\u6c42\u540e\uff0c\u8fdb\u884c\u5347\u7ea7\n\n\u4e0a\u8ff0\u6d41\u7a0b\u4e2d\uff0c\u53ef\u80fd\u4f1a\u53d7\u5230\uff0c\u6240\u4ee5\uff0c\u8981\u6c42\u52a0\u5bc6\u4fe1\u606f\u6709\u5982\u4e0b\u8981\u6c42\n\n- \u52a0\u5bc6\u4fe1\u606f\u53ea\u80fd\u5728\u540e\u7aef\u52a0\u5bc6\n- \u52a0\u5bc6\u4fe1\u606f\u4e0d\u80fd\u91cd\u590d\u4f7f\u7528\uff0c\u9700\u8981\u548c\u65f6\u95f4\u6233\u8fdb\u884c\u7ed1\u5b9a\uff0c\u5e76\u4e14\uff0c\u5408\u7ea6\u4fdd\u7559\u4e0a\u4e00\u6b21\u66f4\u6539\u7684\u65f6\u95f4\u6233\n- NFT \u5408\u7ea6\u53ef\u4ee5\u88ab\u7d27\u6025\u5173\u95ed\n\n\u76f8\u5173 API \u5982\u4e0b\n\n|\u53c2\u6570|\u8bf4\u660e|\n|---|---|\n|URL|xxx.com\/book\/upgrade|\n|method|POST|\n\n\u76f8\u5173\u53c2\u6570\n\n|\u53c2\u6570|\u7c7b\u578b|\u6570\u503c|\u8bf4\u660e|\n|---|---|---|---|\n|version|int|?|\u7b2c\u51e0\u6b21\u8bf7\u6c42|\n|NFT_token|String|?|NFT \u5408\u7ea6\u5730\u5740|\n|token_id|int|?|NFT token id|\n\n\u540e\u7aef\u901a\u8fc7 user_token\uff0c\u83b7\u53d6\u8be5 NFT \u7684\u7b49\u7ea7\uff0c\u7136\u540e\u6839\u636e\u8be5 NFT \u7684\u7b49\u7ea7\u53bb\u751f\u6210\u52a0\u5bc6\u5b57\u6bb5\u3002\n\nresponse \u8fd4\u56de\n\n\u7b2c\u4e00\u6b21\u8bf7\u6c42\u8fd4\u56de\n\n- \u6210\u529f\u8fd4\u56de\n\n```\nresponse: {\n\tcode: ?,\n\tstatus: success,\n\tmsg: \"?\",\n\tdata: {\n\t`\t\"contract\":\"\",\n\t\t\"auth\":\"\",\n\t\t\"code\":\"\",\n\t}\n}\n```\n\n\u76f8\u5173\u53c2\u6570\n\n|\u53c2\u6570|\u7c7b\u578b|\u6570\u503c|\u8bf4\u660e|\n|---|---|---|---|\n|contract|string|?|\u5408\u7ea6\u5730\u5740|\n|auth|byte|?|\u5408\u7ea6\u8ba4\u8bc1\u6570\u636e|\n|code|byte|?|\u5408\u7ea6\u6570\u636e|\n\n\u7b2c\u4e8c\u6b21\u8bf7\u6c42\u53d1\u8fc7\u6765\uff0c\u8bf4\u660e\u5df2\u7ecf\u6210\u529f\u4e86\uff0c\u9700\u8981\u66f4\u65b0\u4e24\u4e2a\u53c2\u6570\u3002\n\n- \u7eb8\u5f20 NFT \u6570\u91cf\u51cf\u5c11\n- \u6e38\u620f\u672c NFT \u76f8\u5173\u7684\u7b49\u7ea7\u5347\u7ea7","s_number":"7","page_comments":""},{"page_title":"\u5370\u5237","cat_id":"37","page_content":"\u5f53\u6e38\u620f\u672c NFT \u8fbe\u5230 50 \u7ea7\u4e4b\u540e\uff0c\u4f1a\u5f00\u542f\u5370\u5237\u529f\u80fd\u3002\n\n\u4e8c\u6b21\u8bf7\u6c42\u3002\n\n\u6bcf\u4e2a\u6e38\u620f\u672c NFT \u53ef\u4ee5 1 \u4e2a\u661f\u671f\u5370\u5237\u4e00\u6b21\u6216\u8005 NFT \u7ea7\u522b\u56de\u9000\u51e0\u4e2a\u7ea7\u522b\u3010\u8be5\u65b9\u6848\u672a\u5b9a\u3011\n\n\u76f8\u5173 API \u5982\u4e0b\n\n|\u53c2\u6570|\u8bf4\u660e|\n|---|---|\n|URL|xxx.com\/book\/print|\n|method|POST|\n\n\u76f8\u5173\u53c2\u6570\n\n|\u53c2\u6570|\u7c7b\u578b|\u6570\u503c|\u8bf4\u660e|\n|---|---|---|---|\n|version|int|?|\u7b2c\u51e0\u6b21\u8bf7\u6c42|\n|NFT_token|String|?|NFT \u5408\u7ea6\u5730\u5740|\n|token_id|int|?|NFT token id <br\/>\u7b2c\u4e00\u6b21\u8bf7\u6c42\uff0c\u8fd9\u4e2a\u53c2\u6570\u8868\u793a\u8981\u5370\u5237\u7684 id<br\/>\u7b2c\u4e8c\u6b21\u8bf7\u6c42\uff0c\u8fd9\u4e2a\u53c2\u6570\u8868\u793a\u4ea7\u751f\u7684 NFT id|\n\nresponse \u8fd4\u56de\n\n- \u6210\u529f\u8fd4\u56de\n\n```\nresponse: {\n\tcode: ?,\n\tstatus: success,\n\tmsg: \"?\",\n\tdata: {\n\t\t\"contract\":\"\",\n\t\t\"auth\":\"\",\n\t\t\"code\":\"\",\n\t}\n}\n```\n\n\u76f8\u5173\u53c2\u6570\n\n|\u53c2\u6570|\u7c7b\u578b|\u6570\u503c|\u8bf4\u660e|\n|---|---|---|---|\n|contract|string|?|\u5408\u7ea6\u5730\u5740|\n|auth|byte|?|\u5408\u7ea6\u68c0\u9a8c|\n|code|byte|?|\u5408\u7ea6\u6570\u636e|\n\n\u7b2c\u4e8c\u6b21\u8bf7\u6c42\u8868\u660e\u5df2\u7ecf\u5370\u5237\u6210\u529f\u3002\u6240\u4ee5\uff0c\u9700\u8981\u66f4\u65b0\u6570\u636e\u5e93\u3002\n","s_number":"8","page_comments":""},{"page_title":"\u6e38\u620f\u672c mint","cat_id":"37","page_content":"\u4e3a\u4e24\u6b21\u8bf7\u6c42\n\n- \u8bf7\u6c42\u540e\u7aef\uff0c\u62ff\u5230\u5408\u7ea6\u4ea4\u4e92\u4fe1\u606f\n- \u548c\u5408\u7ea6\u4ea4\u4e92\u540e\uff0c\u770b\u662f\u5426\u6210\u529f\n- \u6210\u529f\u540e\uff0c\u5411\u540e\u7aef\u53d1\u9001\u4fe1\u606f\n- \u5931\u8d25\u5219\u4ec0\u4e48\u90fd\u4e0d\u53d1\u9001\uff0c\u800c\u662f\u63d0\u9192\u7528\u6237\u300c\u5931\u8d25\u300d\n\n## \u7b2c\u4e00\u6b21\u8bf7\u6c42\n\n\u76f8\u5173 API \u5982\u4e0b\n\n|\u53c2\u6570|\u8bf4\u660e|\n|---|---|\n|URL|xxx.com\/book\/mint|\n|method|POST|\n\n\u53c2\u6570\u8bf4\u660e\n\n|\u53c2\u6570|\u7c7b\u578b|\u6570\u503c|\u8bf4\u660e|\n|---|---|---|---|\n|version|int|?|\u7b2c\u4e00\u6b21\u8bf7\u6c42\u4e3a 1\uff0c\u7b2c\u4e8c\u6b21\u8bf7\u6c42\u4e3a2|\n|NFT_token|string|?|book nft \u7684\u5408\u7ea6|\n|token_id|int|?|nft \u7684 token id\u300c\u7b2c\u4e8c\u6b21\u8bf7\u6c42\u300d|\n\n\u540e\u7aef\u62ff\u5230\u7b2c\u4e00\u6b21\u8bf7\u6c42\u540e\uff0c\u9700\u8981\u8fdb\u884c\u540e\u7aef\u9a8c\u8bc1\n\n- NFTOriginNumber > NFTMintNumber\n\t- \u8bc1\u660e\u521d\u59cb\u6570\u91cf\u6ca1\u6709 mint \u5b8c\n\n\u8fd4\u56de\u76f8\u5173\u53c2\u6570\n\n|\u53c2\u6570|\u7c7b\u578b|\u6570\u503c|\u8bf4\u660e|\n|---|---|---|---|\n|contract|string|?|\u5408\u7ea6\u5730\u5740|\n|auth|byte|?|\u5408\u7ea6\u9a8c\u8bc1\u6570\u636e|\n|price|double|?|mint \u4ef7\u683c|\n\nauth \u662f\u540e\u7aef\u7684\u52a0\u5bc6\u5b57\u6bb5\uff0c\u6240\u6709\u5408\u7ea6\u60f3\u8981 mint \uff0c\u5fc5\u987b\u5148\u7ecf\u8fc7\u540e\u7aef\u52a0\u5bc6\u3002\n\n## \u7b2c\u4e8c\u6b21\u8bf7\u6c42\n\n\u524d\u7aef\u63a5\u6536\u5230\u7b2c\u4e00\u6b21\u7684\u540e\u7aef\u8fd4\u56de\u6570\u636e\u540e\uff0c\u8c03\u7528\u5c0f\u72d0\u72f8\u5411\u533a\u5757\u94fe\u53d1\u9001\u6570\u636e\u3002\u9700\u8981\u63d0\u9192\u7528\u6237\uff0c\u4e0d\u8981\u79bb\u5f00\u9875\u9762\u300c\u5982\u679c\uff0c\u7528\u6237\u79bb\u5f00\u9875\u9762\uff0c\u5bfc\u81f4\u7b2c\u4e8c\u6b21\u8bf7\u6c42\u6ca1\u6709\u8ddf\u4e0a\uff0c\u4f1a\u5bfc\u81f4\u6570\u636e\u4e22\u5931\u300d\u3002\n\n\u5982\u679c\u533a\u5757\u94fe\u8c03\u7528\u6210\u529f\uff0c\u5219\u8fdb\u884c\u7b2c\u4e8c\u6b21\u8bf7\u6c42\uff0c\u5426\u5219\u4e0d\u9700\u8981\u8bf7\u6c42\u3002\n\n\u5224\u65ad\u7b2c\u4e00\u6b21\u548c\u7b2c\u4e8c\u6b21\u7684\u533a\u522b\u5c31\u662f version\u3002\n\n\u540e\u7aef\u62ff\u5230\u7b2c\u4e8c\u6b21\u7684 version \u540e\uff0c\u8bc1\u660e\u5df2\u7ecf\u6210\u529f\u3002\u9700\u8981\u66f4\u65b0\u6570\u636e\u5e93\n\n- NFTMintNumber + 1\n- \u5728\u300c\u6e38\u620f\u672c NFT \u6240\u5c5e\u8868\u300d\u4e2d\u63d2\u5165\u65b0\u6570\u636e","s_number":"99","page_comments":""},{"page_title":"\u5220\u9664","cat_id":"37","page_content":"\u76f8\u5173 API \u5982\u4e0b\n\n|\u53c2\u6570|\u8bf4\u660e|\n|---|---|\n|URL|xxx.com\/book\/delete|\n|method|DELETE|\n\n\u53c2\u6570\u8bf4\u660e\n\n|\u53c2\u6570|\u7c7b\u578b|\u6570\u503c|\u8bf4\u660e|\n|---|---|---|---|\n|book_token|string|?|\u4e66\u7c4d\u552f\u4e00 token|\n|book_status|int|?|\u4e66\u7c4d\u72b6\u6001<br\/>1 \u5df2\u53d1\u5e03<br\/>2 \u8349\u7a3f\u7bb1<br\/>3 \u574f\u5267\u672c|\n\n- \u540e\u7aef\u8981\u8fdb\u884c\u6821\u9a8c\uff0c\u5224\u65ad\u8be5\u4e66\u7c4d\u662f\u5426\u662f\u8be5\u7528\u6237\u6240\u5199\n\t- \u62e5\u6709 NFT \u7684\u4e0d\u80fd\u5220\u9664\n\nresponse \u8fd4\u56de\n\n- \u6210\u529f\u8fd4\u56de\n\n```\nresponse: {\n\tcode: ?,\n\tstatus: success,\n\tmsg: \"?\",\n\tdata: {\n\t\t\"1\":{\n\t\t\t\"book_token\":\"\",\n\t\t\t\"book_title\":\"\",\n\t\t\t\"book_url\":\"\",\n\t\t\t\"bad_msg\":\"\",\n\t\t\t\"like\":0,\n\t\t\t\"collect\":0,\n\t\t\t\"book_status\":1,\n\t\t\t\"NFT_token\":\"\",\n\t\t}\n\t}\n}\n```\n\n\u53c2\u6570\u8bf4\u660e\n\n|\u53c2\u6570|\u7c7b\u578b|\u6570\u503c|\u8bf4\u660e|\n|---|---|---|---|\n|like|int|?|\u8be5\u6e38\u620f\u672c\u7684\u70b9\u8d5e\u6570|\n|collect|int|?|\u8be5\u6e38\u620f\u672c\u7684\u6536\u85cf\u6570|\n|book_token|String|?|\u8be5\u6e38\u620f\u672c\u7684\u552f\u4e00token|\n|book_title|String|?|\u6e38\u620f\u672c\u7684\u6807\u9898|\n|book_url|String|?|\u6e38\u620f\u672c\u7684\u5c01\u9762 URL|\n|bad_msg|String|?|\u70c2\u5267\u672c\u7684\u7406\u7531|\n|book_status|int|?|\u6e38\u620f\u672c\u72b6\u6001\u5df2\u53d1\u5e03\/\u8349\u7a3f\u7bb1\/\u574f\u5267\u672c|\n|NFT_token|String|?|\u6e38\u620f\u672c\u7684 NFT \u5408\u7ea6\u5730\u5740\uff0c\u7528\u6765\u5224\u65ad\u662f\u5426\u4e0a\u94fe|","s_number":"99","page_comments":""}],"catalogs":[]},{"cat_id":"39","cat_name":"\u7eb8\u5f20 NFT","parent_cat_id":"34","level":"3","s_number":"3","pages":[{"page_title":"\u7eb8\u5f20 NFT \u603b\u89c8","cat_id":"39","page_content":"\u4efb\u4f55\u6709\u5173\u7eb8\u5f20 NFT \u7684\u64cd\u4f5c\u90fd\u662f\u6d89\u5b89 API\u3002\u56e0\u4e3a\uff0c\u7eb8\u5f20 NFT \u4e00\u65e6\u88ab\u9ed1\uff0c\u7ecf\u6d4e\u6a21\u578b\u5c31\u4f1a\u5b8c\u5168\u88ab\u6467\u6bc1\u3002\n\n\u6240\u4ee5\uff0c\u7528\u6237\u7684\u6bcf\u4e00\u4e2a\u79ef\u5206\u884c\u4e3a\u90fd\u8981\u8bb0\u5f55\u5728\u6848\uff0c\u5e76\u4e14\uff0c\u6240\u6709\u7684\u4e0a\u94fe\u884c\u4e3a\u90fd\u9700\u8981\u5728\u540e\u7aef\u8fdb\u884c\u4e25\u683c\u6821\u9a8c\u3002\n\n## \u53ef\u80fd\u53d7\u653b\u51fb\u7684\u60c5\u51b5\n\n\u4ee5\u6e38\u620f\u672c\u73a9\u5b8c\u83b7\u53d6 3 \u79ef\u5206\u4e3a\u4f8b\u3002\n\n- \u91cd\u590d\u653b\u51fb\n\t- \u653b\u51fb\u8005\u8bb0\u5f55\u6210\u529f\u52a0\u79ef\u5206\u7684\u52a0\u5bc6\u4fe1\u606f\uff0c\u91cd\u590d\u63d0\u4ea4\n\t- \u53ef\u901a\u8fc7\u5efa\u7acb\u79ef\u5206\u8868\uff0c\u8bb0\u5f55\u8be5\u7528\u6237\u884c\u4e3a\uff0c\u5982\u679c\u8be5\u7528\u6237\u63d0\u4ea4\u540c\u4e00\u884c\u4e3a\u7684\u79ef\u5206\uff0c\u5219\u662f\u975e\u6cd5\u64cd\u4f5c\n- \u4fee\u6539\u653b\u51fb\n\t- \u653b\u51fb\u8005\u628a 3 \u79ef\u5206\u6539\u4e3a 10 \u79ef\u5206\uff0c\u5e76\u8fdb\u884c\u52a0\u5bc6\u63d0\u4ea4\n\t- \u53ef\u901a\u8fc7\u5efa\u7acb\u884c\u4e3a\u679a\u4e3e\u5e93\uff0c\u56fa\u5b9a\u884c\u4e3a\u53ea\u80fd\u83b7\u53d6\u56fa\u5b9a\u79ef\u5206\uff0c\u5e76\u4e14\uff0c\u5bf9\u884c\u4e3a\u7684\u6b63\u786e\u6027\u8fdb\u884c\u9a8c\u8bc1\u3002\u4e0d\u80fd\u51fa\u73b0\uff0c\u70b9\u8d5e\u884c\u4e3a\u4f7f\u7528\u5b8c\u6210\u6e38\u620f\u672c\u884c\u4e3a\n- \u672a\u5b8c\u6210\u653b\u51fb\n\t- \u653b\u51fb\u8005\u901a\u8fc7\u5efa\u7acb\u591a\u4e2a\u8d26\u53f7\uff0c\u77e5\u9053\u6bcf\u4e00\u4e2a\u6e38\u620f\u672c\u7684\u52a0\u5bc6\u65b9\u5f0f\u3002\u7ee7\u800c\uff0c\u6279\u91cf\u521b\u5efa\u8d26\u53f7\uff0c\u590d\u7528\u52a0\u5bc6\u65b9\u5f0f\uff0c\u8fbe\u5230\u4e0d\u73a9\u6e38\u620f\u5c31\u80fd\u83b7\u5f97\u79ef\u5206\u3002\n\t- \u8be5\u653b\u51fb\u65e0\u6cd5\u5f7b\u5e95\u53bb\u9664\uff0c\u53ea\u80fd\u63d0\u5347\u653b\u51fb\u8005\u7684\u6210\u672c\u3002\n\t\t- \u76d1\u6d4b IP \u9891\u7387\uff0c\u8fc7\u4e8e\u9891\u7e41\u5219\u8ba4\u5b9a\u5931\u6548\n\t\t- \u76d1\u6d4b\u6e38\u620f\u672c\u9891\u7387\uff0c\u540c\u4e00\u8d26\u53f7\uff0c\u4e00\u5929\u53ea\u80fd\u73a9 2 \u672c\u6e38\u620f\u672c\uff0c\u8d85\u8fc7\u65e0\u6548\n\t\t- \u524d\u540e\u7aef\u7ea6\u5b9a\u4e00\u5957\u52a0\u5bc6\u7b97\u6cd5\uff0c\u53ea\u6709\u901a\u8fc7\u52a0\u5bc6\u7b97\u6cd5\u7684\u8bf7\u6c42\uff0c\u624d\u88ab\u8ba4\u5b9a\u4e3a\u5408\u6cd5\u8bf7\u6c42\n\t\t- \u76d1\u6d4b\u8bf7\u6c42\u662f\u6765\u81ea\u6d4f\u89c8\u5668\u8fd8\u662f\u4ee3\u7801\uff0c\u6765\u81ea\u4e8e\u4ee3\u7801\u7684\u8bf7\u6c42\uff0c\u8ba4\u4e3a\u65e0\u6548\n\t\t- \u6bcf\u4e00\u4e2a\u6e38\u620f\u672c\u8bfb\u5b8c\u6bcf\u4e00\u4e2a\u7ae0\u8282\u90fd\u8981\u8bb0\u5f55\u884c\u4e3a\uff0c\u5e76\u4e14\uff0c\u4e00\u4e2a\u6e38\u620f\u672c\u7684\u7ae0\u8282\u4e0d\u80fd\u9605\u8bfb\u8fc7\u5feb\uff0c\u5426\u5219\u65e0\u6548\n- \u4f4e\u7b49\u7ea7\u653b\u51fb\n\t- \u672c\u6765 30 \u7ea7\uff0c\u4f46\u662f\uff0c\u4f20\u5165\u4e86 1 \u7ea7\u7684\u53c2\u6570\uff0c\u5bfc\u81f4\u83b7\u53d6\u6b63\u786e\u7684\u52a0\u5bc6\uff0c\u8fdb\u884c\u4e86\u5347\u7ea7","s_number":"1","page_comments":""},{"page_title":"\u589e\u52a0","cat_id":"39","page_content":"\u8fd9\u662f\u975e\u5e38\u91cd\u70b9\u7684\u6d89\u5b89 API\uff0c\u662f\u6240\u6709 API \u4e2d\u6700\u91cd\u8981\u7684\u3002\u5176\u5b83\uff0cAPI \u8981\u4e48\u53ef\u4ee5\u901a\u8fc7\u533a\u5757\u94fe\u8fdb\u884c\u6821\u9a8c\uff0c\u8981\u4e48\uff0c\u5f71\u54cd\u8303\u56f4\u4e0d\u5927\u3002\u8981\u662f\uff0c\u7eb8\u5f20 API \u7684\u589e\u52a0\u88ab\u653b\u7834\uff0c\u90a3\u4e48\u7ecf\u6d4e\u7cfb\u7edf\u5c06\u4f1a\u5d29\u6e83\u3002\n\n\u5173\u4e8e\u589e\u52a0\u7eb8\u5f20 NFT\uff0c\u662f\u7528\u6237\u4e3b\u52a8\u589e\u52a0\uff0c\u5982\uff0c\u7528\u6237\u8bfb\u5b8c\u4ed8\u8d39 NFT \u4e4b\u540e\uff0c\u6700\u540e\u4e00\u9875\u4f1a\u6709\u300c\u9886\u53d6\u5956\u52b1\u300d\u7684\u6309\u94ae\uff0c\u7528\u6237\u70b9\u51fb\u540e\uff0c\u524d\u7aef\u4f1a\u5411\u540e\u7aef\u53d1\u9001\u8bf7\u6c42\uff0c\u8fdb\u800c\u589e\u52a0\u3002\n\n\u6bcf\u4e00\u79cd\u6d3b\u52a8\u901a\u8fc7 action \u4ee3\u7801\u6765\u5224\u65ad\uff0c\u6bd4\u5982\u9080\u8bf7\u7b49\u7b49\u3002\n\n\u76f8\u5173 API \u5982\u4e0b\n\n|\u53c2\u6570|\u8bf4\u660e|\n|---|---|\n|URL|xxx.com\/paper\/add|\n|method|POST|\n\n\u53c2\u6570\u8bf4\u660e\n\n|\u53c2\u6570|\u7c7b\u578b|\u6570\u503c|\u8bf4\u660e|\n|---|---|---|---|\n|book_token|String|?|\u6e38\u620f\u672c token|\n|PNFT|boolean|?|\u662f\u5426\u62e5\u6709\u5e73\u53f0 NFT|\n|action|int|?|\u589e\u52a0\u7eb8\u5f20\u7684\u884c\u4e3a\u4ee3\u7801|\n\n\u6d41\u7a0b\u56fe\u89e3\u6790\n\n- \u524d\u7aef\u67e5\u8be2\u94fe\u4e0a\u662f\u5426\u6709\u5e73\u53f0 NFT\n- \u524d\u7aef\u5fc5\u987b\u4f20\u9012\u589e\u52a0\u7684 NFT \u5c5e\u4e8e\u4ec0\u4e48\u884c\u4e3a\n- \u540e\u7aef\u63a5\u6536\u5230\u53c2\u6570\u540e\uff0c\u8c03\u7528\u4e0d\u540c\u7684\u6267\u884c\u7b56\u7565\uff0c\u5e76\u8be6\u7ec6\u8bb0\u5f55\u6bcf\u4e00\u4e2a\u884c\u4e3a\n\n\u7531\u4e8e\u5173\u7cfb\u91cd\u5927\u505a\u51fa\u9632\u8303\u63aa\u65bd\u5982\u4e0b\n\n- auth \u53c2\u6570\u5224\u65ad\u8bf7\u6c42\u662f\u5426\u5408\u7406\n- \u6bcf\u6b21\u589e\u52a0\u7684\u7eb8\u5f20\u884c\u4e3a\uff0c\u90fd\u662f\u6709\u4e0a\u9650\u7684\n\nresponse \u8fd4\u56de\n\n- \u6210\u529f\u8fd4\u56de\n\n```\nresponse: {\n\tcode: ?,\n\tstatus: success,\n\tmsg: \"?\",\n\tdata: {\n\t\t\"paper_number\":\"\",\n\t}\n}\n```\n\n\u76f8\u5173\u53c2\u6570\n\n|\u53c2\u6570|\u7c7b\u578b|\u6570\u503c|\u8bf4\u660e|\n|---|---|---|---|\n|paper_number|int|?|\u94fe\u4e0b\u591a\u5c11\u5f20 NFT|\n\n## action \u884c\u4e3a\n\n|\u6570\u503c|\u8bf4\u660e|\n|---|---|\n|1001|\u6e38\u620f\u672c\u5b8c\u6210\uff0c\u9886\u53d6\u5956\u52b1|\n\n### \u6e38\u620f\u672c\u5b8c\u6210\uff0c\u9886\u53d6\u5956\u52b1\n\n- \u4e00\u4e2a IP \u4e00\u5929\u6700\u591a\u73a9 3 \u4e2a\u6e38\u620f\u672c\n- \u4e00\u4e2a\u5730\u5740\u4e00\u5929\u6700\u591a\u73a9 3 \u4e2a\u6e38\u620f\u672c\n- \u6e38\u620f\u672c\u5b8c\u6210\u95f4\u9694\u5e94\u8d85\u8fc7\u4e00\u5c0f\u65f6\n","s_number":"3","page_comments":""},{"page_title":"mint","cat_id":"39","page_content":"mint \u662f\u7528\u6237\u5c06\u94fe\u4e0b\u7eb8\u5f20 NFT\uff0c\u8fdb\u884c\u4e0a\u94fe\u3002\n\n\u76f8\u5173 API \u5982\u4e0b\n\n|\u53c2\u6570|\u8bf4\u660e|\n|---|---|\n|URL|xxx.com\/paper\/mint|\n|method|POST|\n\n\u53c2\u6570\u8bf4\u660e\n\n|\u53c2\u6570|\u7c7b\u578b|\u6570\u503c|\u8bf4\u660e|\n|---|---|---|---|\n|version|int|?|\u7b2c\u4e00\u6b21\u8bf7\u6c42\u4e3a 1\uff0c\u7b2c\u4e8c\u6b21\u8bf7\u6c42\u4e3a2|\n\n\u76f8\u5173\u6d41\u7a0b\u5982\u4e0b\n\n1. \u524d\u7aef\u8fdb\u884c\u8bf7\u6c42\n2. \u540e\u7aef\u8fdb\u884c\u6570\u636e\u5e93\u6821\u9a8c\uff0c\u62ff\u5230\u6240\u6709 status = 0 \u7684\u7eb8\u5f20 NFT\n4. \u540e\u7aef\u5c06\u4e0a\u94fe auth \u548c code \u8fdb\u884c\u8fd4\u56de\n5. \u524d\u7aef\u62ff\u5230 auth \u548c code \u540e\u8fdb\u884c\u533a\u5757\u94fe\u8c03\u7528\n6. \u524d\u7aef\u7b49\u5f85 penging\uff0c\u300c\u5e76\u63d0\u9192\u7528\u6237\u4e0d\u8981\u79bb\u5f00\u9875\u9762\u300d\n7. \u63a5\u6536\u5230\u533a\u5757\u94fe\u6570\u636e\u540e\uff0c\u6210\u529f\u540e\uff0c\u518d\u6b21\u8bf7\u6c42\u540e\u7aef\n8. \u540e\u7aef\u62ff\u5230\u4e8c\u6b21\u8bf7\u6c42\u540e\uff0c\u5c06 status \u7f6e\u4e3a 1\n\nresponse \u8fd4\u56de\n\n\u7b2c\u4e00\u6b21\u8bf7\u6c42\u8fd4\u56de\n\n- \u6210\u529f\u8fd4\u56de\n\n```\nresponse: {\n\tcode: ?,\n\tstatus: success,\n\tmsg: \"?\",\n\tdata: {\n\t\t\"contract\":\"\",\n\t\t\"auth\":\"\",\n\t\t\"code\":\"\",\n\t}\n}\n```\n\n\u76f8\u5173\u53c2\u6570\n\n|\u53c2\u6570|\u7c7b\u578b|\u6570\u503c|\u8bf4\u660e|\n|---|---|---|---|\n|contract|string|?|\u8c03\u7528\u5408\u7ea6\u5730\u5740\uff5c\n|auth|byte|?|\u9a8c\u8bc1\u6570\u636e|\n|code|byte|?|\u5408\u7ea6\u6570\u636e|\n\n\u7b2c\u4e8c\u6b21\u8bf7\u6c42\u8fd4\u56de\n\n- \u6210\u529f\u8fd4\u56de\n\n```\nresponse: {\n\tcode: ?,\n\tstatus: success,\n\tmsg: \"?\",\n\tdata: {\n\t}\n}\n```","s_number":"4","page_comments":""}],"catalogs":[]},{"cat_id":"43","cat_name":"\u5e73\u53f0 NFT","parent_cat_id":"34","level":"3","s_number":"4","pages":[{"page_title":"mint","cat_id":"43","page_content":"mint\n","s_number":"99","page_comments":""}],"catalogs":[]},{"cat_id":"40","cat_name":"NFT \u5e02\u573a","parent_cat_id":"34","level":"3","s_number":"5","pages":[{"page_title":"\u67e5\u8be2","cat_id":"40","page_content":"- \u6309\u5206\u7c7b\u67e5\u8be2\n- \u6309 NFT token \u641c\u7d22\n\n## \u6309\u7167\u5206\u7c7b\u641c\u7d22\n## \u6309\u7167 NFT Token \u641c\u7d22\n\n\u76f8\u5173 API \u5982\u4e0b\n\n|\u53c2\u6570|\u8bf4\u660e|\n|---|---|\n|URL|xxx.com\/market\/get|\n|method|GET|\n\n\u53c2\u6570\u8bf4\u660e\n\n|\u53c2\u6570|\u7c7b\u578b|\u6570\u503c|\u8bf4\u660e|\n|---|---|---|---|\n|book_type|int|?|\u4e66\u7c4d\u7c7b\u578b|\n|NFT_token|String|?|NFT token|\n|market_type|int|?|\u5e02\u573a\u7c7b\u578b<br\/>0 \u51fa\u79df <br\/> 1 \u51fa\u552e|\n\nNFTToken \u5982\u679c\u5b58\u5728\u5c31\u8bf4\u660e\u662f\u6309\u7167 NFT Token \u641c\u7d22\uff0c\u5982\u679c\u6ca1\u6709\uff0c\u8bf4\u660e\u662f\u6309\u7167\u7c7b\u578b\u641c\u7d22\n\n\u4ef7\u683c\u6309\u7167\u4ece\u4f4e\u5230\u9ad8\u7684\u987a\u5e8f\u6392\u5217\u3002\n\nresponse \u8fd4\u56de\n\n- \u6210\u529f\u8fd4\u56de\n\n```\nresponse: {\n\tcode: ?,\n\tstatus: success,\n\tmsg: \"?\",\n\tdata: {\n\t\t1:{\n\t\t\t\"book_title\":\"\",\n\t\t\t\"book_token\":\"\",\n\t\t\t\"book_url\":\"\",\n\t\t\t\"NFT_token\":\"\",\n\t\t\t\"token_id\":\"\",\n\t\t\t\"price\":0,\n\t\t},\n\t\t2:{}\n\t}\n}\n```\n\n\u76f8\u5173\u53c2\u6570\n\n|\u53c2\u6570|\u7c7b\u578b|\u6570\u503c|\u8bf4\u660e|\n|---|---|---|---|\n|book_title|String|?|\u4e66\u7c4d\u540d\u5b57|\n|book_token|String|?|\u4e66\u7c4d token|\n|book_url|String|?|\u4e66\u7c4d\u56fe\u7247 URL|\n|NFT_token|String|?|NFT \u5408\u7ea6\u5730\u5740|\n|token_id|int|?|NFT token id|\n|price|double|?|\u4ef7\u683c|\n\n","s_number":"99","page_comments":""},{"page_title":"\u8d2d\u4e70\/\u51fa\u79df","cat_id":"40","page_content":"\u4e24\u6b21\u8bf7\u6c42\n\n\u76f8\u5173 API \u5982\u4e0b\n\n|\u53c2\u6570|\u8bf4\u660e|\n|---|---|\n|URL|xxx.com\/market\/purchase|\n|method|POST|\n\n\u53c2\u6570\u8bf4\u660e\n\n|\u53c2\u6570|\u7c7b\u578b|\u6570\u503c|\u8bf4\u660e|\n|---|---|---|---|\n|version|int|?|\u7b2c\u51e0\u6b21\u8bf7\u6c42|\n|NFT_token|String|?|NFT token|\n|token_id|int|?|NFT token id|\n|market_type|int|?|\u5e02\u573a\u7c7b\u578b<br\/>0 \u51fa\u79df <br\/> 1 \u51fa\u552e|\n\n- \u524d\u7aef\u4f20\u9012\u53c2\u6570\u5230\u540e\u7aef\n- \u540e\u7aef\u62ff\u5230\u540e\u8fd4\u56de auth \u548c code\n- \u524d\u7aef\u8fde\u63a5\u533a\u5757\u94fe\uff0c\u8fdb\u884c\u4ea4\u4e92\n- \u524d\u7aef\u8fdb\u884c\u7b49\u5f85\uff0c\u63d0\u793a\u7528\u6237\u4e0d\u8981\u79bb\u5f00\n- \u6210\u529f\u540e\uff0c\u5bf9\u540e\u7aef\u8fdb\u884c\u4e8c\u6b21\u8bf7\u6c42\n\nresponse \u8fd4\u56de\n\n- \u6210\u529f\u8fd4\u56de\n\n```\nresponse: {\n\tcode: ?,\n\tstatus: success,\n\tmsg: \"?\",\n\tdata: {\n\t\t\"contract\":\"\",\n\t\t\"auth\":\"\",\n\t\t\"code\":\"\",\n\t}\n}\n```\n\n\u76f8\u5173\u53c2\u6570\n\n|\u53c2\u6570|\u7c7b\u578b|\u6570\u503c|\u8bf4\u660e|\n|---|---|---|---|\n|contract|string|?|\u5408\u7ea6\u5730\u5740|\n|auth|byte|?|\u5408\u7ea6\u6821\u9a8c\u6570|\n|code|byte|?|\u5408\u7ea6\u6570\u636e|\n\n\u7b2c\u4e8c\u6b21\u8bf7\u6c42\u540e\uff0c\u540e\u7aef\u8fdb\u884c\u6570\u636e\u5e93\u66f4\u65b0\u3002","s_number":"99","page_comments":""}],"catalogs":[]}]}]}}